timestamp,total_energy
2024-07-31 21:00:00+00:00,128.48
2024-07-31 22:00:00+00:00,133.58
2024-07-31 23:00:00+00:00,93.0
2024-08-01 00:00:00+00:00,134.15
2024-08-01 01:00:00+00:00,119.47
2024-08-01 02:00:00+00:00,106.07
2024-08-01 03:00:00+00:00,137.22
2024-08-01 04:00:00+00:00,102.57
2024-08-01 05:00:00+00:00,154.37
2024-08-01 06:00:00+00:00,252.48
2024-08-01 07:00:00+00:00,158.88
2024-08-01 08:00:00+00:00,198.15
2024-08-01 09:00:00+00:00,170.4
2024-08-01 10:00:00+00:00,816.8
2024-08-01 11:00:00+00:00,234.35
2024-08-01 12:00:00+00:00,230.2
2024-08-01 13:00:00+00:00,194.2
2024-08-01 14:00:00+00:00,258.03
2024-08-01 15:00:00+00:00,173.45
2024-08-01 16:00:00+00:00,173.25
2024-08-01 17:00:00+00:00,155.85
2024-08-01 18:00:00+00:00,146.42
2024-08-01 19:00:00+00:00,328.98
2024-08-01 20:00:00+00:00,278.75
2024-08-01 21:00:00+00:00,240.13
2024-08-01 22:00:00+00:00,156.35
2024-08-01 23:00:00+00:00,108.73
2024-08-02 00:00:00+00:00,114.02
2024-08-02 01:00:00+00:00,126.73
2024-08-02 02:00:00+00:00,94.78
2024-08-02 03:00:00+00:00,136.47
2024-08-02 04:00:00+00:00,104.58
2024-08-02 05:00:00+00:00,135.45
2024-08-02 06:00:00+00:00,294.12
2024-08-02 07:00:00+00:00,251.47
2024-08-02 08:00:00+00:00,320.05
2024-08-02 09:00:00+00:00,377.72
2024-08-02 10:00:00+00:00,797.97
2024-08-02 11:00:00+00:00,208.88
2024-08-02 12:00:00+00:00,239.38
2024-08-02 13:00:00+00:00,197.12
2024-08-02 14:00:00+00:00,131.42
2024-08-02 15:00:00+00:00,114.72
2024-08-02 16:00:00+00:00,162.43
2024-08-02 17:00:00+00:00,154.32
2024-08-02 18:00:00+00:00,323.3
2024-08-02 19:00:00+00:00,304.63
2024-08-02 20:00:00+00:00,258.07
2024-08-02 21:00:00+00:00,256.8
2024-08-02 22:00:00+00:00,99.75
2024-08-02 23:00:00+00:00,112.32
2024-08-03 00:00:00+00:00,116.67
2024-08-03 01:00:00+00:00,88.52
2024-08-03 02:00:00+00:00,131.8
2024-08-03 03:00:00+00:00,113.4
2024-08-03 04:00:00+00:00,145.33
2024-08-03 05:00:00+00:00,206.58
2024-08-03 06:00:00+00:00,261.83
2024-08-03 07:00:00+00:00,219.68
2024-08-03 08:00:00+00:00,515.25
2024-08-03 09:00:00+00:00,733.78
2024-08-03 10:00:00+00:00,137.98
2024-08-03 11:00:00+00:00,103.07
2024-08-03 12:00:00+00:00,153.83
2024-08-03 13:00:00+00:00,187.95
2024-08-03 14:00:00+00:00,215.3
2024-08-03 15:00:00+00:00,204.18
2024-08-03 16:00:00+00:00,165.0
2024-08-03 17:00:00+00:00,338.52
2024-08-03 18:00:00+00:00,317.92
2024-08-03 19:00:00+00:00,323.87
2024-08-03 20:00:00+00:00,302.1
2024-08-03 21:00:00+00:00,173.13
2024-08-03 22:00:00+00:00,98.33
2024-08-03 23:00:00+00:00,103.75
2024-08-04 00:00:00+00:00,110.45
2024-08-04 01:00:00+00:00,103.45
2024-08-04 02:00:00+00:00,105.42
2024-08-04 03:00:00+00:00,113.77
2024-08-04 04:00:00+00:00,106.48
2024-08-04 05:00:00+00:00,124.37
2024-08-04 06:00:00+00:00,230.5
2024-08-04 07:00:00+00:00,274.5
2024-08-04 08:00:00+00:00,248.65
2024-08-04 09:00:00+00:00,150.36
2024-08-04 10:00:00+00:00,983.37
2024-08-04 11:00:00+00:00,159.63
2024-08-04 12:00:00+00:00,173.4
2024-08-04 13:00:00+00:00,211.55
2024-08-04 14:00:00+00:00,777.67
2024-08-04 15:00:00+00:00,358.07
2024-08-04 16:00:00+00:00,399.1
2024-08-04 17:00:00+00:00,848.2
2024-08-04 18:00:00+00:00,218.3
2024-08-04 19:00:00+00:00,267.47
2024-08-04 20:00:00+00:00,279.83
2024-08-04 21:00:00+00:00,232.53
2024-08-04 22:00:00+00:00,114.95
2024-08-04 23:00:00+00:00,100.27
2024-08-05 00:00:00+00:00,98.92
2024-08-05 01:00:00+00:00,105.42
2024-08-05 02:00:00+00:00,122.23
2024-08-05 03:00:00+00:00,119.98
2024-08-05 04:00:00+00:00,113.55
2024-08-05 05:00:00+00:00,174.28
2024-08-05 06:00:00+00:00,243.67
2024-08-05 07:00:00+00:00,181.1
2024-08-05 08:00:00+00:00,191.76
2024-08-05 10:00:00+00:00,270.35
2024-08-05 11:00:00+00:00,221.35
2024-08-05 12:00:00+00:00,250.32
2024-08-05 13:00:00+00:00,130.57
2024-08-05 14:00:00+00:00,134.8
2024-08-05 16:00:00+00:00,74.86
2024-08-05 17:00:00+00:00,160.98
2024-08-05 18:00:00+00:00,615.27
2024-08-05 19:00:00+00:00,351.28
2024-08-05 20:00:00+00:00,648.8
2024-08-05 21:00:00+00:00,754.42
2024-08-05 22:00:00+00:00,121.13
2024-08-05 23:00:00+00:00,120.63
2024-08-06 00:00:00+00:00,110.45
2024-08-06 01:00:00+00:00,106.57
2024-08-06 02:00:00+00:00,100.97
2024-08-06 03:00:00+00:00,117.95
2024-08-06 04:00:00+00:00,116.07
2024-08-06 05:00:00+00:00,288.02
2024-08-06 06:00:00+00:00,360.27
2024-08-06 07:00:00+00:00,460.62
2024-08-06 08:00:00+00:00,449.42
2024-08-06 09:00:00+00:00,613.08
2024-08-06 10:00:00+00:00,267.33
2024-08-06 11:00:00+00:00,256.08
2024-08-06 12:00:00+00:00,213.5
2024-08-06 13:00:00+00:00,207.42
2024-08-06 14:00:00+00:00,223.2
2024-08-06 15:00:00+00:00,154.17
2024-08-06 16:00:00+00:00,104.67
2024-08-06 17:00:00+00:00,165.47
2024-08-06 18:00:00+00:00,274.47
2024-08-06 19:00:00+00:00,282.12
2024-08-06 20:00:00+00:00,167.8
2024-08-06 21:00:00+00:00,115.38
2024-08-06 22:00:00+00:00,120.82
2024-08-06 23:00:00+00:00,118.4
2024-08-07 00:00:00+00:00,113.5
2024-08-07 01:00:00+00:00,111.82
2024-08-07 02:00:00+00:00,117.32
2024-08-07 03:00:00+00:00,117.65
2024-08-07 04:00:00+00:00,118.4
2024-08-07 05:00:00+00:00,157.05
2024-08-07 06:00:00+00:00,273.37
2024-08-07 07:00:00+00:00,176.42
2024-08-07 08:00:00+00:00,128.97
2024-08-07 09:00:00+00:00,514.87
2024-08-07 10:00:00+00:00,1059.39
2024-08-07 11:00:00+00:00,1313.49
2024-08-07 12:00:00+00:00,939.05
2024-08-07 13:00:00+00:00,434.15
2024-08-07 14:00:00+00:00,231.03
2024-08-07 15:00:00+00:00,216.07
2024-08-07 16:00:00+00:00,190.28
2024-08-07 17:00:00+00:00,208.7
2024-08-07 18:00:00+00:00,299.13
2024-08-07 19:00:00+00:00,318.98
2024-08-07 20:00:00+00:00,147.87
2024-08-07 21:00:00+00:00,113.07
2024-08-07 22:00:00+00:00,113.7
2024-08-07 23:00:00+00:00,113.51
2024-08-08 00:00:00+00:00,117.5
2024-08-08 01:00:00+00:00,109.2
2024-08-08 02:00:00+00:00,104.9
2024-08-08 03:00:00+00:00,110.8
2024-08-08 04:00:00+00:00,113.32
2024-08-08 05:00:00+00:00,154.12
2024-08-08 06:00:00+00:00,258.25
2024-08-08 07:00:00+00:00,189.85
2024-08-08 08:00:00+00:00,143.57
2024-08-08 09:00:00+00:00,156.3
2024-08-08 10:00:00+00:00,664.67
2024-08-08 11:00:00+00:00,207.67
2024-08-08 12:00:00+00:00,257.95
2024-08-08 13:00:00+00:00,237.49
2024-08-08 14:00:00+00:00,151.72
2024-08-08 15:00:00+00:00,656.0
2024-08-08 16:00:00+00:00,255.88
2024-08-08 17:00:00+00:00,199.3
2024-08-08 18:00:00+00:00,231.3
2024-08-08 19:00:00+00:00,276.77
2024-08-08 20:00:00+00:00,268.02
2024-08-08 21:00:00+00:00,149.57
2024-08-08 22:00:00+00:00,97.95
2024-08-08 23:00:00+00:00,119.22
2024-08-09 00:00:00+00:00,110.45
2024-08-09 01:00:00+00:00,94.33
2024-08-09 02:00:00+00:00,106.58
2024-08-09 03:00:00+00:00,120.88
2024-08-09 04:00:00+00:00,98.55
2024-08-09 05:00:00+00:00,162.25
2024-08-09 06:00:00+00:00,317.17
2024-08-09 07:00:00+00:00,222.84
2024-08-09 08:00:00+00:00,195.64
2024-08-09 09:00:00+00:00,166.35
2024-08-09 10:00:00+00:00,122.63
2024-08-09 11:00:00+00:00,127.32
2024-08-09 12:00:00+00:00,135.82
2024-08-09 13:00:00+00:00,134.32
2024-08-09 14:00:00+00:00,126.75
2024-08-09 15:00:00+00:00,103.98
2024-08-09 16:00:00+00:00,222.83
2024-08-09 17:00:00+00:00,176.83
2024-08-09 18:00:00+00:00,299.73
2024-08-09 19:00:00+00:00,307.2
2024-08-09 20:00:00+00:00,271.82
2024-08-09 21:00:00+00:00,93.85
2024-08-09 22:00:00+00:00,108.33
2024-08-09 23:00:00+00:00,115.0
2024-08-10 00:00:00+00:00,96.13
2024-08-10 01:00:00+00:00,93.34
2024-08-10 02:00:00+00:00,121.88
2024-08-10 03:00:00+00:00,98.58
2024-08-10 04:00:00+00:00,89.3
2024-08-10 05:00:00+00:00,255.75
2024-08-10 06:00:00+00:00,290.0
2024-08-10 07:00:00+00:00,265.12
2024-08-10 08:00:00+00:00,500.27
2024-08-10 09:00:00+00:00,559.1
2024-08-10 10:00:00+00:00,118.37
2024-08-10 11:00:00+00:00,102.43
2024-08-10 12:00:00+00:00,146.67
2024-08-10 13:00:00+00:00,132.37
2024-08-10 14:00:00+00:00,313.62
2024-08-10 15:00:00+00:00,260.5
2024-08-10 16:00:00+00:00,284.97
2024-08-10 17:00:00+00:00,650.43
2024-08-10 18:00:00+00:00,238.38
2024-08-10 19:00:00+00:00,220.0
2024-08-10 20:00:00+00:00,286.2
2024-08-10 21:00:00+00:00,148.67
2024-08-10 22:00:00+00:00,117.08
2024-08-10 23:00:00+00:00,95.67
2024-08-11 00:00:00+00:00,100.42
2024-08-11 01:00:00+00:00,123.38
2024-08-11 02:00:00+00:00,118.42
2024-08-11 03:00:00+00:00,95.92
2024-08-11 04:00:00+00:00,102.95
2024-08-11 05:00:00+00:00,152.42
2024-08-11 06:00:00+00:00,275.62
2024-08-11 07:00:00+00:00,232.72
2024-08-11 08:00:00+00:00,246.25
2024-08-11 09:00:00+00:00,125.43
2024-08-11 10:00:00+00:00,836.28
2024-08-11 11:00:00+00:00,517.83
2024-08-11 12:00:00+00:00,200.02
2024-08-11 13:00:00+00:00,202.53
2024-08-11 14:00:00+00:00,162.43
2024-08-11 15:00:00+00:00,238.35
2024-08-11 16:00:00+00:00,183.6
2024-08-11 17:00:00+00:00,226.33
2024-08-11 18:00:00+00:00,249.65
2024-08-11 19:00:00+00:00,226.1
2024-08-11 20:00:00+00:00,187.1
2024-08-11 21:00:00+00:00,190.75
2024-08-11 22:00:00+00:00,117.33
2024-08-11 23:00:00+00:00,105.13
2024-08-12 00:00:00+00:00,98.73
2024-08-12 01:00:00+00:00,115.32
2024-08-12 02:00:00+00:00,116.52
2024-08-12 03:00:00+00:00,109.23
2024-08-12 04:00:00+00:00,93.83
2024-08-12 05:00:00+00:00,222.53
2024-08-12 06:00:00+00:00,274.02
2024-08-12 07:00:00+00:00,285.85
2024-08-12 08:00:00+00:00,140.38
2024-08-12 09:00:00+00:00,119.38
2024-08-12 10:00:00+00:00,192.47
2024-08-12 11:00:00+00:00,214.05
2024-08-12 12:00:00+00:00,192.78
2024-08-12 13:00:00+00:00,128.57
2024-08-12 14:00:00+00:00,100.18
2024-08-12 15:00:00+00:00,133.42
2024-08-12 16:00:00+00:00,227.75
2024-08-12 17:00:00+00:00,209.33
2024-08-12 18:00:00+00:00,288.5
2024-08-12 19:00:00+00:00,251.98
2024-08-12 20:00:00+00:00,288.13
2024-08-12 21:00:00+00:00,205.93
2024-08-12 22:00:00+00:00,116.56
2024-08-12 23:00:00+00:00,116.44
2024-08-13 00:00:00+00:00,120.95
2024-08-13 01:00:00+00:00,98.33
2024-08-13 02:00:00+00:00,101.18
2024-08-13 03:00:00+00:00,119.03
2024-08-13 04:00:00+00:00,119.65
2024-08-13 05:00:00+00:00,117.48
2024-08-13 06:00:00+00:00,291.87
2024-08-13 07:00:00+00:00,215.24
2024-08-13 08:00:00+00:00,232.93
2024-08-13 09:00:00+00:00,289.11
2024-08-13 10:00:00+00:00,881.47
2024-08-13 11:00:00+00:00,228.05
2024-08-13 12:00:00+00:00,248.4
2024-08-13 13:00:00+00:00,192.77
2024-08-13 14:00:00+00:00,258.07
2024-08-13 15:00:00+00:00,230.13
2024-08-13 16:00:00+00:00,206.25
2024-08-13 17:00:00+00:00,175.2
2024-08-13 18:00:00+00:00,262.37
2024-08-13 19:00:00+00:00,279.03
2024-08-13 20:00:00+00:00,262.44
2024-08-13 21:00:00+00:00,105.36
2024-08-13 22:00:00+00:00,94.05
2024-08-13 23:00:00+00:00,117.98
2024-08-14 00:00:00+00:00,121.0
2024-08-14 01:00:00+00:00,101.08
2024-08-14 02:00:00+00:00,97.67
2024-08-14 03:00:00+00:00,120.44
2024-08-14 04:00:00+00:00,116.52
2024-08-14 05:00:00+00:00,115.47
2024-08-14 06:00:00+00:00,670.42
2024-08-14 07:00:00+00:00,681.75
2024-08-14 08:00:00+00:00,104.28
2024-08-14 09:00:00+00:00,132.47
2024-08-14 10:00:00+00:00,125.54
2024-08-14 11:00:00+00:00,102.83
2024-08-14 12:00:00+00:00,103.17
2024-08-14 13:00:00+00:00,205.25
2024-08-14 14:00:00+00:00,235.05
2024-08-14 15:00:00+00:00,122.18
2024-08-14 16:00:00+00:00,102.18
2024-08-14 17:00:00+00:00,180.18
2024-08-14 18:00:00+00:00,509.38
2024-08-14 19:00:00+00:00,347.15
2024-08-14 20:00:00+00:00,341.77
2024-08-14 21:00:00+00:00,950.48
2024-08-14 22:00:00+00:00,243.19
2024-08-14 23:00:00+00:00,109.25
2024-08-15 00:00:00+00:00,93.98
2024-08-15 01:00:00+00:00,131.42
2024-08-15 02:00:00+00:00,107.7
2024-08-15 03:00:00+00:00,123.73
2024-08-15 04:00:00+00:00,112.18
2024-08-15 05:00:00+00:00,88.46
2024-08-15 06:00:00+00:00,133.68
2024-08-15 07:00:00+00:00,169.98
2024-08-15 08:00:00+00:00,311.07
2024-08-15 09:00:00+00:00,257.07
2024-08-15 10:00:00+00:00,472.97
2024-08-15 11:00:00+00:00,861.27
2024-08-15 12:00:00+00:00,214.3
2024-08-15 13:00:00+00:00,222.12
2024-08-15 14:00:00+00:00,167.12
2024-08-15 15:00:00+00:00,217.42
2024-08-15 16:00:00+00:00,164.02
2024-08-15 17:00:00+00:00,403.75
2024-08-15 18:00:00+00:00,297.86
2024-08-15 19:00:00+00:00,620.2
2024-08-15 20:00:00+00:00,386.65
2024-08-15 21:00:00+00:00,124.2
2024-08-15 22:00:00+00:00,89.05
2024-08-15 23:00:00+00:00,123.68
2024-08-16 00:00:00+00:00,112.26
2024-08-16 01:00:00+00:00,93.08
2024-08-16 02:00:00+00:00,130.17
2024-08-16 03:00:00+00:00,100.1
2024-08-16 04:00:00+00:00,108.8
2024-08-16 05:00:00+00:00,211.28
2024-08-16 06:00:00+00:00,276.47
2024-08-16 07:00:00+00:00,204.08
2024-08-16 08:00:00+00:00,201.27
2024-08-16 09:00:00+00:00,149.8
2024-08-16 10:00:00+00:00,226.55
2024-08-16 11:00:00+00:00,175.17
2024-08-16 12:00:00+00:00,192.7
2024-08-16 13:00:00+00:00,106.22
2024-08-16 14:00:00+00:00,133.08
2024-08-16 15:00:00+00:00,159.83
2024-08-16 16:00:00+00:00,193.55
2024-08-16 17:00:00+00:00,155.57
2024-08-16 18:00:00+00:00,268.38
2024-08-16 19:00:00+00:00,243.52
2024-08-16 20:00:00+00:00,285.38
2024-08-16 21:00:00+00:00,98.78
2024-08-16 22:00:00+00:00,123.85
2024-08-16 23:00:00+00:00,113.4
2024-08-17 00:00:00+00:00,102.2
2024-08-17 01:00:00+00:00,134.72
2024-08-17 02:00:00+00:00,90.3
2024-08-17 03:00:00+00:00,124.3
2024-08-17 04:00:00+00:00,109.68
2024-08-17 05:00:00+00:00,151.15
2024-08-17 06:00:00+00:00,231.65
2024-08-17 07:00:00+00:00,195.5
2024-08-17 08:00:00+00:00,137.18
2024-08-17 09:00:00+00:00,191.03
2024-08-17 10:00:00+00:00,154.16
2024-08-17 11:00:00+00:00,129.4
2024-08-17 12:00:00+00:00,108.98
2024-08-17 13:00:00+00:00,121.87
2024-08-17 14:00:00+00:00,128.57
2024-08-17 15:00:00+00:00,229.23
2024-08-17 16:00:00+00:00,204.87
2024-08-17 17:00:00+00:00,161.65
2024-08-17 18:00:00+00:00,247.88
2024-08-17 19:00:00+00:00,234.43
2024-08-17 20:00:00+00:00,257.33
2024-08-17 21:00:00+00:00,140.98
2024-08-17 22:00:00+00:00,97.18
2024-08-17 23:00:00+00:00,135.32
2024-08-18 00:00:00+00:00,100.5
2024-08-18 01:00:00+00:00,108.1
2024-08-18 02:00:00+00:00,129.93
2024-08-18 03:00:00+00:00,92.07
2024-08-18 04:00:00+00:00,115.07
2024-08-18 05:00:00+00:00,116.02
2024-08-18 06:00:00+00:00,168.97
2024-08-18 07:00:00+00:00,716.9
2024-08-18 08:00:00+00:00,606.33
2024-08-18 09:00:00+00:00,133.92
2024-08-18 10:00:00+00:00,217.47
2024-08-18 11:00:00+00:00,92.0
2024-08-18 12:00:00+00:00,146.53
2024-08-18 13:00:00+00:00,195.47
2024-08-18 14:00:00+00:00,140.05
2024-08-18 15:00:00+00:00,157.3
2024-08-18 16:00:00+00:00,131.68
2024-08-18 17:00:00+00:00,428.33
2024-08-18 18:00:00+00:00,285.41
2024-08-18 19:00:00+00:00,307.3
2024-08-18 20:00:00+00:00,217.3
2024-08-18 21:00:00+00:00,97.62
2024-08-18 22:00:00+00:00,119.27
2024-08-18 23:00:00+00:00,117.13
2024-08-19 00:00:00+00:00,91.92
2024-08-19 01:00:00+00:00,130.85
2024-08-19 02:00:00+00:00,109.35
2024-08-19 03:00:00+00:00,97.9
2024-08-19 04:00:00+00:00,126.48
2024-08-19 05:00:00+00:00,184.82
2024-08-19 06:00:00+00:00,356.05
2024-08-19 07:00:00+00:00,283.0
2024-08-19 08:00:00+00:00,239.49
2024-08-19 09:00:00+00:00,245.4
2024-08-19 10:00:00+00:00,276.0
2024-08-19 11:00:00+00:00,453.72
2024-08-19 12:00:00+00:00,235.49
2024-08-19 13:00:00+00:00,100.33
2024-08-19 14:00:00+00:00,107.4
2024-08-19 15:00:00+00:00,122.23
2024-08-19 16:00:00+00:00,82.83
2024-08-19 17:00:00+00:00,146.38
2024-08-19 18:00:00+00:00,303.78
2024-08-19 19:00:00+00:00,261.82
2024-08-19 20:00:00+00:00,298.28
2024-08-19 21:00:00+00:00,256.8
2024-08-19 22:00:00+00:00,94.78
2024-08-19 23:00:00+00:00,127.1
2024-08-20 00:00:00+00:00,100.65
2024-08-20 01:00:00+00:00,107.67
2024-08-20 02:00:00+00:00,128.75
2024-08-20 03:00:00+00:00,96.13
2024-08-20 04:00:00+00:00,111.43
2024-08-20 05:00:00+00:00,184.6
2024-08-20 06:00:00+00:00,244.55
2024-08-20 07:00:00+00:00,313.88
2024-08-20 08:00:00+00:00,265.47
2024-08-20 09:00:00+00:00,182.0
2024-08-20 10:00:00+00:00,308.93
2024-08-20 11:00:00+00:00,198.31
2024-08-20 12:00:00+00:00,234.5
2024-08-20 13:00:00+00:00,213.12
2024-08-20 14:00:00+00:00,229.08
2024-08-20 15:00:00+00:00,224.1
2024-08-20 16:00:00+00:00,217.35
2024-08-20 17:00:00+00:00,200.41
2024-08-20 18:00:00+00:00,258.22
2024-08-20 19:00:00+00:00,208.6
2024-08-20 20:00:00+00:00,224.17
2024-08-20 21:00:00+00:00,100.72
2024-08-20 22:00:00+00:00,111.88
2024-08-20 23:00:00+00:00,119.52
2024-08-21 00:00:00+00:00,88.97
2024-08-21 01:00:00+00:00,134.17
2024-08-21 02:00:00+00:00,106.95
2024-08-21 03:00:00+00:00,98.43
2024-08-21 04:00:00+00:00,126.87
2024-08-21 05:00:00+00:00,145.32
2024-08-21 06:00:00+00:00,300.37
2024-08-21 07:00:00+00:00,191.51
2024-08-21 08:00:00+00:00,246.17
2024-08-21 09:00:00+00:00,360.25
2024-08-21 10:00:00+00:00,618.58
2024-08-21 11:00:00+00:00,228.98
2024-08-21 12:00:00+00:00,168.86
2024-08-21 13:00:00+00:00,148.25
2024-08-21 14:00:00+00:00,104.5
2024-08-21 15:00:00+00:00,115.22
2024-08-21 16:00:00+00:00,581.68
2024-08-21 17:00:00+00:00,264.55
2024-08-21 18:00:00+00:00,714.0
2024-08-21 19:00:00+00:00,1036.6
2024-08-21 20:00:00+00:00,535.12
2024-08-21 21:00:00+00:00,124.73
2024-08-21 22:00:00+00:00,104.78
2024-08-21 23:00:00+00:00,94.4
2024-08-22 00:00:00+00:00,126.63
2024-08-22 01:00:00+00:00,100.48
2024-08-22 02:00:00+00:00,98.97
2024-08-22 03:00:00+00:00,133.62
2024-08-22 04:00:00+00:00,94.07
2024-08-22 05:00:00+00:00,123.58
2024-08-22 06:00:00+00:00,158.98
2024-08-22 07:00:00+00:00,148.67
2024-08-22 08:00:00+00:00,125.64
2024-08-22 09:00:00+00:00,142.13
2024-08-22 10:00:00+00:00,544.98
2024-08-22 11:00:00+00:00,247.12
2024-08-22 12:00:00+00:00,350.48
2024-08-22 13:00:00+00:00,498.43
2024-08-22 14:00:00+00:00,174.22
2024-08-22 15:00:00+00:00,151.03
2024-08-22 16:00:00+00:00,153.18
2024-08-22 17:00:00+00:00,161.72
2024-08-22 18:00:00+00:00,223.68
2024-08-22 19:00:00+00:00,212.73
2024-08-22 20:00:00+00:00,187.15
2024-08-22 21:00:00+00:00,258.3
2024-08-22 22:00:00+00:00,133.13
2024-08-22 23:00:00+00:00,98.47
2024-08-23 00:00:00+00:00,133.7
2024-08-23 01:00:00+00:00,109.62
2024-08-23 02:00:00+00:00,105.97
2024-08-23 03:00:00+00:00,130.15
2024-08-23 04:00:00+00:00,97.1
2024-08-23 05:00:00+00:00,146.47
2024-08-23 06:00:00+00:00,319.89
2024-08-23 07:00:00+00:00,263.27
2024-08-23 08:00:00+00:00,184.3
2024-08-23 09:00:00+00:00,150.25
2024-08-23 10:00:00+00:00,638.41
2024-08-23 11:00:00+00:00,315.53
2024-08-23 12:00:00+00:00,156.85
2024-08-23 13:00:00+00:00,172.87
2024-08-23 14:00:00+00:00,137.72
2024-08-23 15:00:00+00:00,125.03
2024-08-23 16:00:00+00:00,199.7
2024-08-23 17:00:00+00:00,207.6
2024-08-23 18:00:00+00:00,307.18
2024-08-23 19:00:00+00:00,316.8
2024-08-23 20:00:00+00:00,171.68
2024-08-23 21:00:00+00:00,119.8
2024-08-23 22:00:00+00:00,119.14
2024-08-23 23:00:00+00:00,97.18
2024-08-24 00:00:00+00:00,132.43
2024-08-24 01:00:00+00:00,119.42
2024-08-24 02:00:00+00:00,100.68
2024-08-24 03:00:00+00:00,133.78
2024-08-24 04:00:00+00:00,117.8
2024-08-24 05:00:00+00:00,190.75
2024-08-24 06:00:00+00:00,256.82
2024-08-24 07:00:00+00:00,210.08
2024-08-24 08:00:00+00:00,116.31
2024-08-24 09:00:00+00:00,221.85
2024-08-24 10:00:00+00:00,855.9
2024-08-24 11:00:00+00:00,322.92
2024-08-24 12:00:00+00:00,578.37
2024-08-24 13:00:00+00:00,938.75
2024-08-24 14:00:00+00:00,230.56
2024-08-24 15:00:00+00:00,734.88
2024-08-24 16:00:00+00:00,451.95
2024-08-24 17:00:00+00:00,246.82
2024-08-24 18:00:00+00:00,237.37
2024-08-24 19:00:00+00:00,278.02
2024-08-24 20:00:00+00:00,269.23
2024-08-24 21:00:00+00:00,106.53
2024-08-24 22:00:00+00:00,125.65
2024-08-24 23:00:00+00:00,103.42
2024-08-25 00:00:00+00:00,100.63
2024-08-25 01:00:00+00:00,126.37
2024-08-25 02:00:00+00:00,98.28
2024-08-25 03:00:00+00:00,109.92
2024-08-25 04:00:00+00:00,123.68
2024-08-25 05:00:00+00:00,192.23
2024-08-25 06:00:00+00:00,281.25
2024-08-25 07:00:00+00:00,249.92
2024-08-25 08:00:00+00:00,213.13
2024-08-25 09:00:00+00:00,130.77
2024-08-25 10:00:00+00:00,636.03
2024-08-25 11:00:00+00:00,335.41
2024-08-25 12:00:00+00:00,250.62
2024-08-25 13:00:00+00:00,208.98
2024-08-25 14:00:00+00:00,239.82
2024-08-25 15:00:00+00:00,224.48
2024-08-25 16:00:00+00:00,222.22
2024-08-25 17:00:00+00:00,122.6
2024-08-25 18:00:00+00:00,181.55
2024-08-25 19:00:00+00:00,316.69
2024-08-25 20:00:00+00:00,293.68
2024-08-25 21:00:00+00:00,107.0
2024-08-25 22:00:00+00:00,130.85
2024-08-25 23:00:00+00:00,96.45
2024-08-26 00:00:00+00:00,113.2
2024-08-26 01:00:00+00:00,121.72
2024-08-26 02:00:00+00:00,88.68
2024-08-26 03:00:00+00:00,133.4
2024-08-26 04:00:00+00:00,101.1
2024-08-26 05:00:00+00:00,137.84
2024-08-26 06:00:00+00:00,287.22
2024-08-26 07:00:00+00:00,215.3
2024-08-26 08:00:00+00:00,200.13
2024-08-26 09:00:00+00:00,103.73
2024-08-26 10:00:00+00:00,355.23
2024-08-26 11:00:00+00:00,221.62
2024-08-26 12:00:00+00:00,190.32
2024-08-26 13:00:00+00:00,149.93
2024-08-26 14:00:00+00:00,99.28
2024-08-26 15:00:00+00:00,174.8
2024-08-26 16:00:00+00:00,304.02
2024-08-26 17:00:00+00:00,209.82
2024-08-26 18:00:00+00:00,314.67
2024-08-26 19:00:00+00:00,275.36
2024-08-26 20:00:00+00:00,285.58
2024-08-26 21:00:00+00:00,263.7
2024-08-26 22:00:00+00:00,94.32
2024-08-26 23:00:00+00:00,117.8
2024-08-27 00:00:00+00:00,120.05
2024-08-27 01:00:00+00:00,80.03
2024-08-27 02:00:00+00:00,134.72
2024-08-27 03:00:00+00:00,103.15
2024-08-27 04:00:00+00:00,106.05
2024-08-27 05:00:00+00:00,147.92
2024-08-27 06:00:00+00:00,221.8
2024-08-27 07:00:00+00:00,192.22
2024-08-27 08:00:00+00:00,171.08
2024-08-27 09:00:00+00:00,239.33
2024-08-27 10:00:00+00:00,726.35
2024-08-27 11:00:00+00:00,549.93
2024-08-27 12:00:00+00:00,321.62
2024-08-27 13:00:00+00:00,299.46
2024-08-27 14:00:00+00:00,611.29
2024-08-27 15:00:00+00:00,462.1
2024-08-27 16:00:00+00:00,424.95
2024-08-27 17:00:00+00:00,388.23
2024-08-27 18:00:00+00:00,207.57
2024-08-27 19:00:00+00:00,594.72
2024-08-27 20:00:00+00:00,432.54
2024-08-27 21:00:00+00:00,120.65
2024-08-27 22:00:00+00:00,85.67
2024-08-27 23:00:00+00:00,120.07
2024-08-28 00:00:00+00:00,111.78
2024-08-28 01:00:00+00:00,99.55
2024-08-28 02:00:00+00:00,127.65
2024-08-28 03:00:00+00:00,95.92
2024-08-28 04:00:00+00:00,106.61
2024-08-28 05:00:00+00:00,380.61
2024-08-28 06:00:00+00:00,308.22
2024-08-28 07:00:00+00:00,444.15
2024-08-28 08:00:00+00:00,751.0
2024-08-28 09:00:00+00:00,325.54
2024-08-28 10:00:00+00:00,1316.1
2024-08-28 11:00:00+00:00,597.52
2024-08-28 12:00:00+00:00,181.85
2024-08-28 13:00:00+00:00,105.53
2024-08-28 14:00:00+00:00,202.18
2024-08-28 15:00:00+00:00,245.66
2024-08-28 16:00:00+00:00,179.37
2024-08-28 17:00:00+00:00,256.33
2024-08-28 18:00:00+00:00,291.88
2024-08-28 19:00:00+00:00,307.12
2024-08-28 20:00:00+00:00,262.15
2024-08-28 21:00:00+00:00,209.87
2024-08-28 22:00:00+00:00,116.47
2024-08-28 23:00:00+00:00,101.05
2024-08-29 00:00:00+00:00,136.17
2024-08-29 01:00:00+00:00,119.95
2024-08-29 02:00:00+00:00,127.18
2024-08-29 03:00:00+00:00,139.33
2024-08-29 04:00:00+00:00,105.48
2024-08-29 05:00:00+00:00,162.88
2024-08-29 06:00:00+00:00,265.22
2024-08-29 07:00:00+00:00,164.68
2024-08-29 08:00:00+00:00,213.9
2024-08-29 09:00:00+00:00,147.64
2024-08-29 10:00:00+00:00,820.15
2024-08-29 11:00:00+00:00,388.05
2024-08-29 12:00:00+00:00,426.92
2024-08-29 13:00:00+00:00,678.83
2024-08-29 14:00:00+00:00,261.1
2024-08-29 15:00:00+00:00,201.58
2024-08-29 16:00:00+00:00,253.5
2024-08-29 17:00:00+00:00,1554.31
2024-08-29 18:00:00+00:00,371.22
2024-08-29 19:00:00+00:00,325.08
2024-08-29 20:00:00+00:00,270.58
2024-08-29 21:00:00+00:00,178.86
2024-08-29 22:00:00+00:00,114.72
2024-08-29 23:00:00+00:00,97.95
2024-08-30 00:00:00+00:00,133.37
2024-08-30 01:00:00+00:00,107.15
2024-08-30 02:00:00+00:00,117.05
2024-08-30 03:00:00+00:00,120.39
2024-08-30 04:00:00+00:00,101.08
2024-08-30 05:00:00+00:00,270.25
2024-08-30 06:00:00+00:00,216.28
2024-08-30 07:00:00+00:00,150.9
2024-08-30 08:00:00+00:00,177.66
2024-08-30 09:00:00+00:00,114.52
2024-08-30 10:00:00+00:00,560.18
2024-08-30 11:00:00+00:00,192.62
2024-08-30 12:00:00+00:00,140.12
2024-08-30 13:00:00+00:00,94.13
2024-08-30 14:00:00+00:00,110.13
2024-08-30 15:00:00+00:00,118.25
2024-08-30 16:00:00+00:00,100.28
2024-08-30 17:00:00+00:00,196.13
2024-08-30 18:00:00+00:00,376.97
2024-08-30 19:00:00+00:00,307.24
2024-08-30 20:00:00+00:00,296.35
2024-08-30 21:00:00+00:00,132.35
2024-08-30 22:00:00+00:00,116.78
2024-08-30 23:00:00+00:00,115.41
2024-08-31 00:00:00+00:00,85.53
2024-08-31 01:00:00+00:00,130.49
2024-08-31 02:00:00+00:00,107.45
2024-08-31 03:00:00+00:00,108.5
2024-08-31 04:00:00+00:00,126.63
2024-08-31 05:00:00+00:00,143.1
2024-08-31 06:00:00+00:00,241.72
2024-08-31 07:00:00+00:00,598.37
2024-08-31 08:00:00+00:00,306.65
2024-08-31 09:00:00+00:00,185.87
2024-08-31 10:00:00+00:00,1222.48
2024-08-31 11:00:00+00:00,670.15
2024-08-31 12:00:00+00:00,243.03
2024-08-31 13:00:00+00:00,256.45
2024-08-31 14:00:00+00:00,164.02
2024-08-31 15:00:00+00:00,87.0
2024-08-31 16:00:00+00:00,124.95
2024-08-31 17:00:00+00:00,363.13
2024-08-31 18:00:00+00:00,299.92
2024-08-31 19:00:00+00:00,280.45
2024-08-31 20:00:00+00:00,246.25
2024-06-30 21:00:00+00:00,104.92
2024-06-30 22:00:00+00:00,100.6
2024-06-30 23:00:00+00:00,101.28
2024-07-01 00:00:00+00:00,103.55
2024-07-01 01:00:00+00:00,107.17
2024-07-01 02:00:00+00:00,114.75
2024-07-01 03:00:00+00:00,114.24
2024-07-01 04:00:00+00:00,107.33
2024-07-01 05:00:00+00:00,116.62
2024-07-01 06:00:00+00:00,243.08
2024-07-01 07:00:00+00:00,231.7
2024-07-01 08:00:00+00:00,157.87
2024-07-01 09:00:00+00:00,177.67
2024-07-01 10:00:00+00:00,262.52
2024-07-01 11:00:00+00:00,196.75
2024-07-01 12:00:00+00:00,317.98
2024-07-01 13:00:00+00:00,550.88
2024-07-01 14:00:00+00:00,1044.02
2024-07-01 15:00:00+00:00,832.48
2024-07-01 16:00:00+00:00,429.92
2024-07-01 17:00:00+00:00,169.77
2024-07-01 18:00:00+00:00,639.77
2024-07-01 19:00:00+00:00,336.28
2024-07-01 20:00:00+00:00,1056.5
2024-07-01 21:00:00+00:00,301.93
2024-07-01 22:00:00+00:00,111.15
2024-07-01 23:00:00+00:00,109.98
2024-07-02 00:00:00+00:00,114.8
2024-07-02 01:00:00+00:00,114.22
2024-07-02 02:00:00+00:00,114.95
2024-07-02 03:00:00+00:00,113.17
2024-07-02 04:00:00+00:00,118.6
2024-07-02 05:00:00+00:00,160.33
2024-07-02 06:00:00+00:00,212.12
2024-07-02 07:00:00+00:00,162.38
2024-07-02 08:00:00+00:00,166.69
2024-07-02 09:00:00+00:00,152.27
2024-07-02 10:00:00+00:00,336.05
2024-07-02 11:00:00+00:00,585.07
2024-07-02 12:00:00+00:00,238.78
2024-07-02 13:00:00+00:00,177.35
2024-07-02 14:00:00+00:00,230.57
2024-07-02 15:00:00+00:00,152.87
2024-07-02 16:00:00+00:00,114.08
2024-07-02 17:00:00+00:00,102.27
2024-07-02 18:00:00+00:00,101.52
2024-07-02 19:00:00+00:00,141.73
2024-07-02 20:00:00+00:00,318.6
2024-07-02 21:00:00+00:00,269.26
2024-07-02 22:00:00+00:00,104.02
2024-07-02 23:00:00+00:00,102.81
2024-07-03 00:00:00+00:00,103.77
2024-07-03 01:00:00+00:00,116.63
2024-07-03 02:00:00+00:00,112.87
2024-07-03 03:00:00+00:00,107.68
2024-07-03 04:00:00+00:00,107.33
2024-07-03 05:00:00+00:00,154.31
2024-07-03 06:00:00+00:00,305.37
2024-07-03 07:00:00+00:00,228.2
2024-07-03 08:00:00+00:00,154.97
2024-07-03 09:00:00+00:00,681.92
2024-07-03 10:00:00+00:00,429.95
2024-07-03 11:00:00+00:00,199.27
2024-07-03 12:00:00+00:00,197.03
2024-07-03 13:00:00+00:00,104.12
2024-07-03 14:00:00+00:00,100.73
2024-07-03 15:00:00+00:00,101.22
2024-07-03 16:00:00+00:00,116.87
2024-07-03 17:00:00+00:00,111.43
2024-07-03 18:00:00+00:00,227.25
2024-07-03 19:00:00+00:00,287.38
2024-07-03 20:00:00+00:00,233.05
2024-07-03 21:00:00+00:00,127.8
2024-07-03 22:00:00+00:00,106.03
2024-07-03 23:00:00+00:00,104.28
2024-07-04 00:00:00+00:00,114.88
2024-07-04 01:00:00+00:00,104.27
2024-07-04 02:00:00+00:00,119.2
2024-07-04 03:00:00+00:00,105.95
2024-07-04 04:00:00+00:00,104.61
2024-07-04 05:00:00+00:00,153.8
2024-07-04 06:00:00+00:00,496.7
2024-07-04 07:00:00+00:00,644.25
2024-07-04 08:00:00+00:00,731.0
2024-07-04 09:00:00+00:00,242.92
2024-07-04 10:00:00+00:00,1199.65
2024-07-04 11:00:00+00:00,352.05
2024-07-04 12:00:00+00:00,642.87
2024-07-04 13:00:00+00:00,700.88
2024-07-04 14:00:00+00:00,156.23
2024-07-04 15:00:00+00:00,248.8
2024-07-04 16:00:00+00:00,157.2
2024-07-04 17:00:00+00:00,229.28
2024-07-04 18:00:00+00:00,283.2
2024-07-04 19:00:00+00:00,261.88
2024-07-04 20:00:00+00:00,242.92
2024-07-04 21:00:00+00:00,101.97
2024-07-04 22:00:00+00:00,101.68
2024-07-04 23:00:00+00:00,103.03
2024-07-05 00:00:00+00:00,104.17
2024-07-05 01:00:00+00:00,107.18
2024-07-05 02:00:00+00:00,111.12
2024-07-05 03:00:00+00:00,110.58
2024-07-05 04:00:00+00:00,114.12
2024-07-05 05:00:00+00:00,193.23
2024-07-05 06:00:00+00:00,252.17
2024-07-05 07:00:00+00:00,205.33
2024-07-05 08:00:00+00:00,170.83
2024-07-05 09:00:00+00:00,170.08
2024-07-05 10:00:00+00:00,122.7
2024-07-05 11:00:00+00:00,131.23
2024-07-05 12:00:00+00:00,117.67
2024-07-05 13:00:00+00:00,614.24
2024-07-05 14:00:00+00:00,1126.55
2024-07-05 15:00:00+00:00,807.92
2024-07-05 16:00:00+00:00,1034.22
2024-07-05 17:00:00+00:00,1031.62
2024-07-05 18:00:00+00:00,379.53
2024-07-05 19:00:00+00:00,248.83
2024-07-05 20:00:00+00:00,256.72
2024-07-05 21:00:00+00:00,179.68
2024-07-05 22:00:00+00:00,116.42
2024-07-05 23:00:00+00:00,112.52
2024-07-06 00:00:00+00:00,109.63
2024-07-06 01:00:00+00:00,108.78
2024-07-06 02:00:00+00:00,111.0
2024-07-06 03:00:00+00:00,111.85
2024-07-06 04:00:00+00:00,102.4
2024-07-06 05:00:00+00:00,138.82
2024-07-06 06:00:00+00:00,216.15
2024-07-06 07:00:00+00:00,195.15
2024-07-06 08:00:00+00:00,157.78
2024-07-06 09:00:00+00:00,112.72
2024-07-06 10:00:00+00:00,168.87
2024-07-06 11:00:00+00:00,132.77
2024-07-06 12:00:00+00:00,108.85
2024-07-06 13:00:00+00:00,127.64
2024-07-06 14:00:00+00:00,125.03
2024-07-06 15:00:00+00:00,124.33
2024-07-06 16:00:00+00:00,225.9
2024-07-06 17:00:00+00:00,212.18
2024-07-06 18:00:00+00:00,200.68
2024-07-06 19:00:00+00:00,204.68
2024-07-06 20:00:00+00:00,279.17
2024-07-06 21:00:00+00:00,267.6
2024-07-06 22:00:00+00:00,130.73
2024-07-06 23:00:00+00:00,104.5
2024-07-07 00:00:00+00:00,105.22
2024-07-07 01:00:00+00:00,107.75
2024-07-07 02:00:00+00:00,108.17
2024-07-07 03:00:00+00:00,114.45
2024-07-07 04:00:00+00:00,111.13
2024-07-07 05:00:00+00:00,122.88
2024-07-07 06:00:00+00:00,214.85
2024-07-07 07:00:00+00:00,149.6
2024-07-07 08:00:00+00:00,201.38
2024-07-07 09:00:00+00:00,102.65
2024-07-07 10:00:00+00:00,178.77
2024-07-07 11:00:00+00:00,810.98
2024-07-07 12:00:00+00:00,366.38
2024-07-07 13:00:00+00:00,202.15
2024-07-07 14:00:00+00:00,184.98
2024-07-07 15:00:00+00:00,162.32
2024-07-07 16:00:00+00:00,155.2
2024-07-07 17:00:00+00:00,131.83
2024-07-07 18:00:00+00:00,206.02
2024-07-07 19:00:00+00:00,396.72
2024-07-07 20:00:00+00:00,357.25
2024-07-07 21:00:00+00:00,139.41
2024-07-07 22:00:00+00:00,105.45
2024-07-07 23:00:00+00:00,105.15
2024-07-08 00:00:00+00:00,107.22
2024-07-08 01:00:00+00:00,108.78
2024-07-08 02:00:00+00:00,101.5
2024-07-08 03:00:00+00:00,104.25
2024-07-08 04:00:00+00:00,103.7
2024-07-08 05:00:00+00:00,156.67
2024-07-08 06:00:00+00:00,215.13
2024-07-08 07:00:00+00:00,165.53
2024-07-08 08:00:00+00:00,141.3
2024-07-08 09:00:00+00:00,577.93
2024-07-08 10:00:00+00:00,304.66
2024-07-08 11:00:00+00:00,402.12
2024-07-08 12:00:00+00:00,383.59
2024-07-08 13:00:00+00:00,401.25
2024-07-08 14:00:00+00:00,804.22
2024-07-08 15:00:00+00:00,409.95
2024-07-08 16:00:00+00:00,117.12
2024-07-08 17:00:00+00:00,129.83
2024-07-08 18:00:00+00:00,500.92
2024-07-08 19:00:00+00:00,815.97
2024-07-08 20:00:00+00:00,459.18
2024-07-08 21:00:00+00:00,174.47
2024-07-08 22:00:00+00:00,110.58
2024-07-08 23:00:00+00:00,107.95
2024-07-09 00:00:00+00:00,110.35
2024-07-09 01:00:00+00:00,111.15
2024-07-09 02:00:00+00:00,103.07
2024-07-09 03:00:00+00:00,104.57
2024-07-09 04:00:00+00:00,103.18
2024-07-09 05:00:00+00:00,118.05
2024-07-09 06:00:00+00:00,272.8
2024-07-09 07:00:00+00:00,282.17
2024-07-09 08:00:00+00:00,173.9
2024-07-09 09:00:00+00:00,181.78
2024-07-09 10:00:00+00:00,330.79
2024-07-09 11:00:00+00:00,250.48
2024-07-09 12:00:00+00:00,217.86
2024-07-09 13:00:00+00:00,198.3
2024-07-09 14:00:00+00:00,237.75
2024-07-09 15:00:00+00:00,263.2
2024-07-09 16:00:00+00:00,167.48
2024-07-09 17:00:00+00:00,351.9
2024-07-09 18:00:00+00:00,325.93
2024-07-09 19:00:00+00:00,192.8
2024-07-09 20:00:00+00:00,163.73
2024-07-09 21:00:00+00:00,214.77
2024-07-09 22:00:00+00:00,123.77
2024-07-09 23:00:00+00:00,119.12
2024-07-10 00:00:00+00:00,112.9
2024-07-10 01:00:00+00:00,113.55
2024-07-10 02:00:00+00:00,108.12
2024-07-10 03:00:00+00:00,108.73
2024-07-10 04:00:00+00:00,104.32
2024-07-10 05:00:00+00:00,183.08
2024-07-10 06:00:00+00:00,280.6
2024-07-10 07:00:00+00:00,185.63
2024-07-10 08:00:00+00:00,176.07
2024-07-10 09:00:00+00:00,131.82
2024-07-10 10:00:00+00:00,668.88
2024-07-10 11:00:00+00:00,201.95
2024-07-10 12:00:00+00:00,165.3
2024-07-10 13:00:00+00:00,155.5
2024-07-10 14:00:00+00:00,430.72
2024-07-10 15:00:00+00:00,619.95
2024-07-10 16:00:00+00:00,145.28
2024-07-10 17:00:00+00:00,139.87
2024-07-10 18:00:00+00:00,241.77
2024-07-10 19:00:00+00:00,262.93
2024-07-10 20:00:00+00:00,249.68
2024-07-10 21:00:00+00:00,216.35
2024-07-10 22:00:00+00:00,116.9
2024-07-10 23:00:00+00:00,107.53
2024-07-11 00:00:00+00:00,105.67
2024-07-11 01:00:00+00:00,107.23
2024-07-11 02:00:00+00:00,104.28
2024-07-11 03:00:00+00:00,105.05
2024-07-11 04:00:00+00:00,103.53
2024-07-11 05:00:00+00:00,170.55
2024-07-11 06:00:00+00:00,264.5
2024-07-11 07:00:00+00:00,447.33
2024-07-11 08:00:00+00:00,276.53
2024-07-11 09:00:00+00:00,496.62
2024-07-11 10:00:00+00:00,1134.47
2024-07-11 11:00:00+00:00,559.21
2024-07-11 12:00:00+00:00,296.2
2024-07-11 13:00:00+00:00,311.42
2024-07-11 14:00:00+00:00,159.47
2024-07-11 15:00:00+00:00,764.68
2024-07-11 16:00:00+00:00,265.68
2024-07-11 17:00:00+00:00,186.2
2024-07-11 18:00:00+00:00,427.0
2024-07-11 19:00:00+00:00,286.25
2024-07-11 20:00:00+00:00,246.98
2024-07-11 21:00:00+00:00,223.23
2024-07-11 22:00:00+00:00,114.15
2024-07-11 23:00:00+00:00,112.82
2024-07-12 00:00:00+00:00,113.4
2024-07-12 01:00:00+00:00,115.43
2024-07-12 02:00:00+00:00,119.75
2024-07-12 03:00:00+00:00,117.8
2024-07-12 04:00:00+00:00,117.08
2024-07-12 05:00:00+00:00,186.0
2024-07-12 06:00:00+00:00,231.0
2024-07-12 07:00:00+00:00,204.5
2024-07-12 08:00:00+00:00,201.15
2024-07-12 09:00:00+00:00,147.75
2024-07-12 10:00:00+00:00,521.28
2024-07-12 11:00:00+00:00,251.58
2024-07-12 12:00:00+00:00,166.21
2024-07-12 13:00:00+00:00,142.51
2024-07-12 14:00:00+00:00,147.43
2024-07-12 15:00:00+00:00,139.47
2024-07-12 16:00:00+00:00,134.3
2024-07-12 17:00:00+00:00,336.25
2024-07-12 18:00:00+00:00,443.92
2024-07-12 19:00:00+00:00,704.5
2024-07-12 20:00:00+00:00,610.82
2024-07-12 21:00:00+00:00,129.82
2024-07-12 22:00:00+00:00,109.05
2024-07-12 23:00:00+00:00,112.83
2024-07-13 00:00:00+00:00,127.32
2024-07-13 01:00:00+00:00,113.72
2024-07-13 02:00:00+00:00,113.55
2024-07-13 03:00:00+00:00,90.89
2024-07-13 04:00:00+00:00,108.31
2024-07-13 05:00:00+00:00,330.05
2024-07-13 06:00:00+00:00,307.38
2024-07-13 07:00:00+00:00,256.32
2024-07-13 08:00:00+00:00,95.47
2024-07-13 09:00:00+00:00,106.65
2024-07-13 10:00:00+00:00,99.35
2024-07-13 11:00:00+00:00,96.07
2024-07-13 12:00:00+00:00,111.62
2024-07-13 13:00:00+00:00,95.48
2024-07-13 14:00:00+00:00,111.1
2024-07-13 15:00:00+00:00,96.2
2024-07-13 16:00:00+00:00,111.73
2024-07-13 17:00:00+00:00,97.28
2024-07-13 18:00:00+00:00,113.23
2024-07-13 19:00:00+00:00,96.52
2024-07-13 20:00:00+00:00,113.67
2024-07-13 21:00:00+00:00,97.46
2024-07-13 22:00:00+00:00,114.78
2024-07-13 23:00:00+00:00,99.57
2024-07-14 00:00:00+00:00,111.42
2024-07-14 01:00:00+00:00,108.58
2024-07-14 02:00:00+00:00,101.85
2024-07-14 03:00:00+00:00,114.32
2024-07-14 04:00:00+00:00,96.9
2024-07-14 05:00:00+00:00,113.4
2024-07-14 06:00:00+00:00,105.65
2024-07-14 07:00:00+00:00,104.02
2024-07-14 08:00:00+00:00,114.2
2024-07-14 09:00:00+00:00,98.27
2024-07-14 10:00:00+00:00,114.85
2024-07-14 11:00:00+00:00,103.28
2024-07-14 12:00:00+00:00,109.56
2024-07-14 13:00:00+00:00,112.46
2024-07-14 14:00:00+00:00,98.5
2024-07-14 15:00:00+00:00,116.65
2024-07-14 16:00:00+00:00,103.2
2024-07-14 17:00:00+00:00,108.47
2024-07-14 18:00:00+00:00,113.83
2024-07-14 19:00:00+00:00,97.98
2024-07-14 20:00:00+00:00,115.98
2024-07-14 21:00:00+00:00,106.2
2024-07-14 22:00:00+00:00,108.1
2024-07-14 23:00:00+00:00,115.73
2024-07-15 00:00:00+00:00,97.4
2024-07-15 01:00:00+00:00,116.52
2024-07-15 02:00:00+00:00,107.37
2024-07-15 03:00:00+00:00,105.9
2024-07-15 04:00:00+00:00,115.08
2024-07-15 05:00:00+00:00,98.95
2024-07-15 06:00:00+00:00,115.52
2024-07-15 07:00:00+00:00,108.75
2024-07-15 08:00:00+00:00,102.33
2024-07-15 09:00:00+00:00,114.53
2024-07-15 10:00:00+00:00,103.37
2024-07-15 11:00:00+00:00,108.62
2024-07-15 12:00:00+00:00,114.63
2024-07-15 13:00:00+00:00,97.98
2024-07-15 14:00:00+00:00,113.18
2024-07-15 15:00:00+00:00,112.9
2024-07-15 16:00:00+00:00,98.2
2024-07-15 17:00:00+00:00,114.85
2024-07-15 18:00:00+00:00,111.03
2024-07-15 19:00:00+00:00,102.95
2024-07-15 20:00:00+00:00,114.55
2024-07-15 21:00:00+00:00,106.85
2024-07-15 22:00:00+00:00,104.65
2024-07-15 23:00:00+00:00,116.55
2024-07-16 00:00:00+00:00,104.02
2024-07-16 01:00:00+00:00,108.95
2024-07-16 02:00:00+00:00,117.5
2024-07-16 03:00:00+00:00,101.15
2024-07-16 04:00:00+00:00,115.97
2024-07-16 05:00:00+00:00,109.13
2024-07-16 06:00:00+00:00,103.53
2024-07-16 07:00:00+00:00,116.0
2024-07-16 08:00:00+00:00,107.47
2024-07-16 09:00:00+00:00,106.38
2024-07-16 10:00:00+00:00,114.4
2024-07-16 11:00:00+00:00,108.17
2024-07-16 12:00:00+00:00,101.77
2024-07-16 13:00:00+00:00,115.75
2024-07-16 14:00:00+00:00,112.75
2024-07-16 15:00:00+00:00,100.55
2024-07-16 16:00:00+00:00,114.95
2024-07-16 17:00:00+00:00,114.75
2024-07-16 18:00:00+00:00,103.12
2024-07-16 19:00:00+00:00,107.0
2024-07-16 20:00:00+00:00,117.17
2024-07-16 21:00:00+00:00,108.55
2024-07-16 22:00:00+00:00,104.88
2024-07-16 23:00:00+00:00,114.97
2024-07-17 00:00:00+00:00,112.8
2024-07-17 01:00:00+00:00,101.93
2024-07-17 02:00:00+00:00,113.7
2024-07-17 03:00:00+00:00,116.95
2024-07-17 04:00:00+00:00,101.57
2024-07-17 05:00:00+00:00,112.31
2024-07-17 06:00:00+00:00,116.15
2024-07-17 07:00:00+00:00,101.57
2024-07-17 08:00:00+00:00,111.75
2024-07-17 09:00:00+00:00,114.83
2024-07-17 10:00:00+00:00,102.87
2024-07-17 11:00:00+00:00,108.55
2024-07-17 12:00:00+00:00,115.22
2024-07-17 13:00:00+00:00,107.57
2024-07-17 14:00:00+00:00,103.4
2024-07-17 15:00:00+00:00,114.32
2024-07-17 16:00:00+00:00,113.08
2024-07-17 17:00:00+00:00,103.2
2024-07-17 18:00:00+00:00,111.25
2024-07-17 19:00:00+00:00,115.33
2024-07-17 20:00:00+00:00,112.07
2024-07-17 21:00:00+00:00,103.38
2024-07-17 22:00:00+00:00,113.12
2024-07-17 23:00:00+00:00,115.3
2024-07-18 00:00:00+00:00,111.15
2024-07-18 01:00:00+00:00,103.53
2024-07-18 02:00:00+00:00,115.68
2024-07-18 03:00:00+00:00,115.17
2024-07-18 04:00:00+00:00,106.57
2024-07-18 05:00:00+00:00,107.97
2024-07-18 06:00:00+00:00,114.15
2024-07-18 07:00:00+00:00,112.32
2024-07-18 08:00:00+00:00,102.33
2024-07-18 09:00:00+00:00,114.72
2024-07-18 10:00:00+00:00,114.42
2024-07-18 11:00:00+00:00,102.57
2024-07-18 12:00:00+00:00,107.75
2024-07-18 13:00:00+00:00,114.48
2024-07-18 14:00:00+00:00,113.27
2024-07-18 15:00:00+00:00,100.93
2024-07-18 16:00:00+00:00,113.03
2024-07-18 17:00:00+00:00,115.42
2024-07-18 18:00:00+00:00,107.13
2024-07-18 19:00:00+00:00,107.5
2024-07-18 20:00:00+00:00,115.13
2024-07-18 21:00:00+00:00,114.73
2024-07-18 22:00:00+00:00,102.7
2024-07-18 23:00:00+00:00,114.15
2024-07-19 00:00:00+00:00,116.47
2024-07-19 01:00:00+00:00,108.22
2024-07-19 02:00:00+00:00,106.13
2024-07-19 03:00:00+00:00,117.53
2024-07-19 04:00:00+00:00,112.08
2024-07-19 05:00:00+00:00,101.7
2024-07-19 06:00:00+00:00,116.83
2024-07-19 07:00:00+00:00,114.42
2024-07-19 08:00:00+00:00,102.68
2024-07-19 09:00:00+00:00,109.42
2024-07-19 10:00:00+00:00,114.43
2024-07-19 11:00:00+00:00,110.63
2024-07-19 12:00:00+00:00,102.48
2024-07-19 13:00:00+00:00,116.67
2024-07-19 14:00:00+00:00,110.38
2024-07-19 15:00:00+00:00,103.48
2024-07-19 16:00:00+00:00,116.03
2024-07-19 17:00:00+00:00,115.68
2024-07-19 18:00:00+00:00,102.8
2024-07-19 19:00:00+00:00,111.77
2024-07-19 20:00:00+00:00,116.35
2024-07-19 21:00:00+00:00,109.97
2024-07-19 22:00:00+00:00,105.7
2024-07-19 23:00:00+00:00,116.33
2024-07-20 00:00:00+00:00,117.1
2024-07-20 01:00:00+00:00,103.4
2024-07-20 02:00:00+00:00,112.58
2024-07-20 03:00:00+00:00,117.42
2024-07-20 04:00:00+00:00,103.82
2024-07-20 05:00:00+00:00,111.17
2024-07-20 06:00:00+00:00,116.03
2024-07-20 07:00:00+00:00,108.42
2024-07-20 08:00:00+00:00,104.73
2024-07-20 09:00:00+00:00,115.93
2024-07-20 10:00:00+00:00,114.82
2024-07-20 11:00:00+00:00,102.75
2024-07-20 12:00:00+00:00,110.47
2024-07-20 13:00:00+00:00,115.98
2024-07-20 14:00:00+00:00,106.27
2024-07-20 15:00:00+00:00,105.73
2024-07-20 16:00:00+00:00,117.27
2024-07-20 17:00:00+00:00,107.78
2024-07-20 18:00:00+00:00,105.37
2024-07-20 19:00:00+00:00,118.32
2024-07-20 20:00:00+00:00,108.43
2024-07-20 21:00:00+00:00,104.55
2024-07-20 22:00:00+00:00,116.63
2024-07-20 23:00:00+00:00,114.72
2024-07-21 00:00:00+00:00,101.3
2024-07-21 01:00:00+00:00,114.97
2024-07-21 02:00:00+00:00,116.54
2024-07-21 03:00:00+00:00,101.22
2024-07-21 04:00:00+00:00,110.7
2024-07-21 05:00:00+00:00,116.45
2024-07-21 06:00:00+00:00,103.98
2024-07-21 07:00:00+00:00,107.69
2024-07-21 08:00:00+00:00,115.22
2024-07-21 09:00:00+00:00,108.45
2024-07-21 10:00:00+00:00,102.98
2024-07-21 11:00:00+00:00,114.42
2024-07-21 12:00:00+00:00,113.65
2024-07-21 13:00:00+00:00,99.53
2024-07-21 14:00:00+00:00,112.88
2024-07-21 15:00:00+00:00,114.89
2024-07-21 16:00:00+00:00,103.22
2024-07-21 17:00:00+00:00,111.62
2024-07-21 18:00:00+00:00,117.1
2024-07-21 19:00:00+00:00,104.03
2024-07-21 20:00:00+00:00,108.33
2024-07-21 21:00:00+00:00,117.5
2024-07-21 22:00:00+00:00,107.55
2024-07-21 23:00:00+00:00,106.82
2024-07-22 00:00:00+00:00,116.82
2024-07-22 01:00:00+00:00,107.95
2024-07-22 02:00:00+00:00,105.22
2024-07-22 03:00:00+00:00,118.45
2024-07-22 04:00:00+00:00,103.9
2024-07-22 05:00:00+00:00,110.85
2024-07-22 06:00:00+00:00,117.02
2024-07-22 07:00:00+00:00,99.8
2024-07-22 08:00:00+00:00,113.2
2024-07-22 09:00:00+00:00,115.16
2024-07-22 10:00:00+00:00,98.03
2024-07-22 11:00:00+00:00,115.7
2024-07-22 12:00:00+00:00,111.3
2024-07-22 13:00:00+00:00,99.44
2024-07-22 14:00:00+00:00,114.44
2024-07-22 15:00:00+00:00,108.08
2024-07-22 16:00:00+00:00,104.73
2024-07-22 17:00:00+00:00,113.5
2024-07-22 18:00:00+00:00,109.68
2024-07-22 19:00:00+00:00,103.05
2024-07-22 20:00:00+00:00,115.26
2024-07-22 21:00:00+00:00,109.59
2024-07-22 22:00:00+00:00,103.58
2024-07-22 23:00:00+00:00,116.73
2024-07-23 00:00:00+00:00,106.22
2024-07-23 01:00:00+00:00,106.95
2024-07-23 02:00:00+00:00,116.98
2024-07-23 03:00:00+00:00,103.82
2024-07-23 04:00:00+00:00,108.0
2024-07-23 05:00:00+00:00,114.6
2024-07-23 06:00:00+00:00,99.47
2024-07-23 07:00:00+00:00,111.25
2024-07-23 08:00:00+00:00,112.28
2024-07-23 09:00:00+00:00,99.55
2024-07-23 10:00:00+00:00,114.95
2024-07-23 11:00:00+00:00,106.02
2024-07-23 12:00:00+00:00,105.36
2024-07-23 13:00:00+00:00,116.69
2024-07-23 14:00:00+00:00,97.13
2024-07-23 15:00:00+00:00,116.18
2024-07-23 16:00:00+00:00,107.23
2024-07-23 17:00:00+00:00,104.92
2024-07-23 18:00:00+00:00,114.55
2024-07-23 19:00:00+00:00,102.72
2024-07-23 20:00:00+00:00,110.15
2024-07-23 21:00:00+00:00,118.7
2024-07-23 22:00:00+00:00,96.72
2024-07-23 23:00:00+00:00,115.57
2024-07-24 00:00:00+00:00,111.33
2024-07-24 01:00:00+00:00,100.52
2024-07-24 02:00:00+00:00,115.55
2024-07-24 03:00:00+00:00,107.67
2024-07-24 04:00:00+00:00,104.27
2024-07-24 05:00:00+00:00,114.97
2024-07-24 06:00:00+00:00,103.7
2024-07-24 07:00:00+00:00,108.82
2024-07-24 08:00:00+00:00,113.46
2024-07-24 09:00:00+00:00,98.68
2024-07-24 10:00:00+00:00,109.7
2024-07-24 11:00:00+00:00,113.95
2024-07-24 12:00:00+00:00,98.87
2024-07-24 13:00:00+00:00,113.35
2024-07-24 14:00:00+00:00,111.52
2024-07-24 15:00:00+00:00,97.87
2024-07-24 16:00:00+00:00,115.8
2024-07-24 17:00:00+00:00,107.65
2024-07-24 18:00:00+00:00,102.87
2024-07-24 19:00:00+00:00,115.25
2024-07-24 20:00:00+00:00,105.48
2024-07-24 21:00:00+00:00,108.7
2024-07-24 22:00:00+00:00,115.55
2024-07-24 23:00:00+00:00,100.95
2024-07-25 00:00:00+00:00,112.53
2024-07-25 01:00:00+00:00,110.86
2024-07-25 02:00:00+00:00,98.92
2024-07-25 03:00:00+00:00,114.7
2024-07-25 04:00:00+00:00,109.1
2024-07-25 05:00:00+00:00,101.18
2024-07-25 06:00:00+00:00,115.92
2024-07-25 07:00:00+00:00,101.22
2024-07-25 08:00:00+00:00,109.7
2024-07-25 09:00:00+00:00,113.52
2024-07-25 10:00:00+00:00,100.3
2024-07-25 11:00:00+00:00,113.37
2024-07-25 12:00:00+00:00,103.85
2024-07-25 13:00:00+00:00,106.17
2024-07-25 14:00:00+00:00,113.57
2024-07-25 15:00:00+00:00,100.82
2024-07-25 16:00:00+00:00,109.36
2024-07-25 17:00:00+00:00,113.59
2024-07-25 18:00:00+00:00,96.44
2024-07-25 19:00:00+00:00,113.98
2024-07-25 20:00:00+00:00,111.07
2024-07-25 21:00:00+00:00,98.86
2024-07-25 22:00:00+00:00,117.42
2024-07-25 23:00:00+00:00,105.22
2024-07-26 00:00:00+00:00,105.55
2024-07-26 01:00:00+00:00,117.6
2024-07-26 02:00:00+00:00,96.68
2024-07-26 03:00:00+00:00,113.85
2024-07-26 04:00:00+00:00,109.95
2024-07-26 05:00:00+00:00,101.81
2024-07-26 06:00:00+00:00,115.78
2024-07-26 07:00:00+00:00,102.2
2024-07-26 08:00:00+00:00,108.97
2024-07-26 09:00:00+00:00,111.52
2024-07-26 10:00:00+00:00,99.77
2024-07-26 11:00:00+00:00,114.5
2024-07-26 12:00:00+00:00,100.95
2024-07-26 13:00:00+00:00,110.53
2024-07-26 14:00:00+00:00,111.45
2024-07-26 15:00:00+00:00,97.98
2024-07-26 16:00:00+00:00,114.48
2024-07-26 17:00:00+00:00,104.85
2024-07-26 18:00:00+00:00,104.43
2024-07-26 19:00:00+00:00,115.86
2024-07-26 20:00:00+00:00,99.32
2024-07-26 21:00:00+00:00,111.48
2024-07-26 22:00:00+00:00,113.87
2024-07-26 23:00:00+00:00,98.2
2024-07-27 00:00:00+00:00,112.53
2024-07-27 01:00:00+00:00,110.87
2024-07-27 02:00:00+00:00,100.55
2024-07-27 03:00:00+00:00,115.92
2024-07-27 04:00:00+00:00,104.1
2024-07-27 05:00:00+00:00,101.77
2024-07-27 06:00:00+00:00,114.48
2024-07-27 07:00:00+00:00,97.03
2024-07-27 08:00:00+00:00,112.03
2024-07-27 09:00:00+00:00,107.97
2024-07-27 10:00:00+00:00,100.92
2024-07-27 11:00:00+00:00,115.25
2024-07-27 12:00:00+00:00,104.45
2024-07-27 13:00:00+00:00,248.13
2024-07-27 14:00:00+00:00,236.67
2024-07-27 15:00:00+00:00,267.93
2024-07-27 16:00:00+00:00,599.12
2024-07-27 17:00:00+00:00,309.57
2024-07-27 18:00:00+00:00,739.08
2024-07-27 19:00:00+00:00,684.9
2024-07-27 20:00:00+00:00,268.2
2024-07-27 21:00:00+00:00,176.0
2024-07-27 22:00:00+00:00,105.45
2024-07-27 23:00:00+00:00,123.7
2024-07-28 00:00:00+00:00,133.53
2024-07-28 01:00:00+00:00,106.53
2024-07-28 02:00:00+00:00,124.18
2024-07-28 03:00:00+00:00,133.28
2024-07-28 04:00:00+00:00,96.52
2024-07-28 05:00:00+00:00,175.2
2024-07-28 06:00:00+00:00,461.37
2024-07-28 07:00:00+00:00,488.57
2024-07-28 08:00:00+00:00,558.51
2024-07-28 09:00:00+00:00,104.05
2024-07-28 10:00:00+00:00,869.81
2024-07-28 11:00:00+00:00,210.5
2024-07-28 12:00:00+00:00,224.6
2024-07-28 13:00:00+00:00,182.02
2024-07-28 14:00:00+00:00,188.03
2024-07-28 15:00:00+00:00,239.27
2024-07-28 16:00:00+00:00,191.1
2024-07-28 17:00:00+00:00,504.93
2024-07-28 18:00:00+00:00,260.0
2024-07-28 19:00:00+00:00,274.77
2024-07-28 20:00:00+00:00,256.0
2024-07-28 21:00:00+00:00,119.27
2024-07-28 22:00:00+00:00,101.08
2024-07-28 23:00:00+00:00,128.25
2024-07-29 00:00:00+00:00,124.8
2024-07-29 01:00:00+00:00,97.22
2024-07-29 02:00:00+00:00,127.65
2024-07-29 03:00:00+00:00,125.8
2024-07-29 04:00:00+00:00,96.48
2024-07-29 05:00:00+00:00,234.23
2024-07-29 06:00:00+00:00,266.54
2024-07-29 07:00:00+00:00,185.87
2024-07-29 08:00:00+00:00,189.82
2024-07-29 09:00:00+00:00,155.93
2024-07-29 10:00:00+00:00,623.87
2024-07-29 11:00:00+00:00,279.77
2024-07-29 12:00:00+00:00,187.58
2024-07-29 13:00:00+00:00,104.42
2024-07-29 14:00:00+00:00,200.53
2024-07-29 15:00:00+00:00,103.28
2024-07-29 16:00:00+00:00,111.67
2024-07-29 17:00:00+00:00,335.34
2024-07-29 18:00:00+00:00,311.15
2024-07-29 19:00:00+00:00,303.53
2024-07-29 20:00:00+00:00,265.5
2024-07-29 21:00:00+00:00,125.38
2024-07-29 22:00:00+00:00,118.17
2024-07-29 23:00:00+00:00,129.22
2024-07-30 00:00:00+00:00,100.23
2024-07-30 01:00:00+00:00,117.0
2024-07-30 02:00:00+00:00,133.05
2024-07-30 03:00:00+00:00,97.67
2024-07-30 04:00:00+00:00,137.41
2024-07-30 05:00:00+00:00,286.66
2024-07-30 06:00:00+00:00,215.1
2024-07-30 07:00:00+00:00,204.63
2024-07-30 08:00:00+00:00,644.2
2024-07-30 09:00:00+00:00,682.9
2024-07-30 10:00:00+00:00,278.3
2024-07-30 11:00:00+00:00,240.68
2024-07-30 12:00:00+00:00,206.4
2024-07-30 13:00:00+00:00,212.07
2024-07-30 14:00:00+00:00,126.73
2024-07-30 15:00:00+00:00,145.12
2024-07-30 16:00:00+00:00,222.82
2024-07-30 17:00:00+00:00,225.5
2024-07-30 18:00:00+00:00,216.95
2024-07-30 19:00:00+00:00,303.48
2024-07-30 20:00:00+00:00,297.39
2024-07-30 21:00:00+00:00,198.02
2024-07-30 22:00:00+00:00,140.67
2024-07-30 23:00:00+00:00,99.27
2024-07-31 00:00:00+00:00,120.88
2024-07-31 01:00:00+00:00,127.9
2024-07-31 02:00:00+00:00,101.0
2024-07-31 03:00:00+00:00,140.33
2024-07-31 04:00:00+00:00,142.69
2024-07-31 05:00:00+00:00,203.07
2024-07-31 06:00:00+00:00,285.73
2024-07-31 07:00:00+00:00,193.7
2024-07-31 08:00:00+00:00,181.18
2024-07-31 09:00:00+00:00,213.71
2024-07-31 10:00:00+00:00,107.13
2024-07-31 11:00:00+00:00,290.43
2024-07-31 12:00:00+00:00,236.58
2024-07-31 13:00:00+00:00,200.47
2024-07-31 14:00:00+00:00,175.12
2024-07-31 15:00:00+00:00,119.82
2024-07-31 16:00:00+00:00,123.22
2024-07-31 17:00:00+00:00,226.58
2024-07-31 18:00:00+00:00,258.58
2024-07-31 19:00:00+00:00,280.85
2024-07-31 20:00:00+00:00,289.43
2024-09-30 21:00:00+00:00,1013.58
2024-09-30 22:00:00+00:00,156.9
2024-09-30 23:00:00+00:00,116.92
2024-10-01 00:00:00+00:00,93.57
2024-10-01 01:00:00+00:00,106.95
2024-10-01 02:00:00+00:00,202.53
2024-10-01 03:00:00+00:00,160.61
2024-10-01 04:00:00+00:00,233.9
2024-10-01 05:00:00+00:00,478.08
2024-10-01 06:00:00+00:00,1301.27
2024-10-01 07:00:00+00:00,990.63
2024-10-01 08:00:00+00:00,1200.5
2024-10-01 09:00:00+00:00,1392.57
2024-10-01 10:00:00+00:00,842.15
2024-10-01 11:00:00+00:00,850.98
2024-10-01 12:00:00+00:00,923.7
2024-10-01 13:00:00+00:00,1139.13
2024-10-01 14:00:00+00:00,1260.95
2024-10-01 15:00:00+00:00,884.72
2024-10-01 16:00:00+00:00,896.63
2024-10-01 17:00:00+00:00,1267.75
2024-10-01 18:00:00+00:00,1101.22
2024-10-01 19:00:00+00:00,1037.18
2024-10-01 20:00:00+00:00,976.22
2024-10-01 21:00:00+00:00,699.98
2024-10-01 22:00:00+00:00,565.7
2024-10-01 23:00:00+00:00,185.43
2024-10-02 00:00:00+00:00,172.88
2024-10-02 01:00:00+00:00,124.53
2024-10-02 02:00:00+00:00,222.5
2024-10-02 03:00:00+00:00,301.68
2024-10-02 04:00:00+00:00,338.95
2024-10-02 05:00:00+00:00,642.9
2024-10-02 06:00:00+00:00,1335.42
2024-10-02 07:00:00+00:00,985.25
2024-10-02 08:00:00+00:00,931.75
2024-10-02 09:00:00+00:00,812.88
2024-10-02 10:00:00+00:00,1657.62
2024-10-02 11:00:00+00:00,977.87
2024-10-02 12:00:00+00:00,838.2
2024-10-02 13:00:00+00:00,806.47
2024-10-02 14:00:00+00:00,820.12
2024-10-02 15:00:00+00:00,861.13
2024-10-02 16:00:00+00:00,1020.88
2024-10-02 17:00:00+00:00,869.2
2024-10-02 18:00:00+00:00,966.37
2024-10-02 19:00:00+00:00,992.05
2024-10-02 20:00:00+00:00,955.0
2024-10-02 21:00:00+00:00,787.58
2024-10-02 22:00:00+00:00,418.88
2024-10-02 23:00:00+00:00,139.02
2024-10-03 00:00:00+00:00,179.27
2024-10-03 01:00:00+00:00,246.3
2024-10-03 02:00:00+00:00,234.92
2024-10-03 03:00:00+00:00,491.13
2024-10-03 04:00:00+00:00,935.07
2024-10-03 05:00:00+00:00,1231.7
2024-10-03 06:00:00+00:00,1221.73
2024-10-03 07:00:00+00:00,1392.4
2024-10-03 08:00:00+00:00,1280.57
2024-10-03 09:00:00+00:00,1378.0
2024-10-03 10:00:00+00:00,2080.5
2024-10-03 11:00:00+00:00,1012.87
2024-10-03 12:00:00+00:00,1333.0
2024-10-03 13:00:00+00:00,1047.28
2024-10-03 14:00:00+00:00,1011.38
2024-10-03 15:00:00+00:00,1051.25
2024-10-03 16:00:00+00:00,1329.82
2024-10-03 17:00:00+00:00,1155.32
2024-10-03 18:00:00+00:00,1020.28
2024-10-03 19:00:00+00:00,1012.18
2024-10-03 20:00:00+00:00,1059.42
2024-10-03 21:00:00+00:00,1154.68
2024-10-03 22:00:00+00:00,939.65
2024-10-03 23:00:00+00:00,835.28
2024-10-04 00:00:00+00:00,803.1
2024-10-04 01:00:00+00:00,814.4
2024-10-04 02:00:00+00:00,853.2
2024-10-04 03:00:00+00:00,805.75
2024-10-04 04:00:00+00:00,878.62
2024-10-04 05:00:00+00:00,1151.0
2024-10-04 06:00:00+00:00,1105.23
2024-10-04 07:00:00+00:00,1235.18
2024-10-04 08:00:00+00:00,993.5
2024-10-04 09:00:00+00:00,1294.87
2024-10-04 10:00:00+00:00,915.7
2024-10-04 11:00:00+00:00,837.32
2024-10-04 12:00:00+00:00,852.57
2024-10-04 13:00:00+00:00,818.4
2024-10-04 14:00:00+00:00,962.0
2024-10-04 15:00:00+00:00,1011.37
2024-10-04 16:00:00+00:00,790.98
2024-10-04 17:00:00+00:00,835.33
2024-10-04 18:00:00+00:00,820.72
2024-10-04 19:00:00+00:00,973.4
2024-10-04 20:00:00+00:00,1068.07
2024-10-04 21:00:00+00:00,854.1
2024-10-04 22:00:00+00:00,885.72
2024-10-04 23:00:00+00:00,880.6
2024-10-05 00:00:00+00:00,885.25
2024-10-05 01:00:00+00:00,863.03
2024-10-05 02:00:00+00:00,858.62
2024-10-05 03:00:00+00:00,878.83
2024-10-05 04:00:00+00:00,836.72
2024-10-05 05:00:00+00:00,788.47
2024-10-05 06:00:00+00:00,1065.83
2024-10-05 07:00:00+00:00,1737.48
2024-10-05 08:00:00+00:00,1085.18
2024-10-05 09:00:00+00:00,985.47
2024-10-05 10:00:00+00:00,1824.77
2024-10-05 11:00:00+00:00,1076.25
2024-10-05 12:00:00+00:00,1343.46
2024-10-05 13:00:00+00:00,1690.03
2024-10-05 14:00:00+00:00,1009.47
2024-10-05 15:00:00+00:00,858.38
2024-10-05 16:00:00+00:00,1255.35
2024-10-05 17:00:00+00:00,1489.48
2024-10-05 18:00:00+00:00,923.92
2024-10-05 19:00:00+00:00,1023.25
2024-10-05 20:00:00+00:00,982.93
2024-10-05 21:00:00+00:00,984.56
2024-10-05 22:00:00+00:00,932.65
2024-10-05 23:00:00+00:00,711.25
2024-10-06 00:00:00+00:00,525.93
2024-10-06 01:00:00+00:00,440.73
2024-10-06 02:00:00+00:00,554.17
2024-10-06 03:00:00+00:00,614.7
2024-10-06 04:00:00+00:00,663.53
2024-10-06 05:00:00+00:00,831.05
2024-10-06 06:00:00+00:00,1184.93
2024-10-06 07:00:00+00:00,1075.33
2024-10-06 08:00:00+00:00,968.75
2024-10-06 09:00:00+00:00,832.07
2024-10-06 10:00:00+00:00,1522.3
2024-10-06 11:00:00+00:00,1395.23
2024-10-06 12:00:00+00:00,1064.72
2024-10-06 13:00:00+00:00,1031.0
2024-10-06 14:00:00+00:00,969.95
2024-10-06 15:00:00+00:00,980.77
2024-10-06 16:00:00+00:00,982.6
2024-10-06 17:00:00+00:00,1397.18
2024-10-06 18:00:00+00:00,1534.45
2024-10-06 19:00:00+00:00,1053.07
2024-10-06 20:00:00+00:00,961.37
2024-10-06 21:00:00+00:00,961.63
2024-10-06 22:00:00+00:00,651.32
2024-10-06 23:00:00+00:00,459.05
2024-10-07 00:00:00+00:00,347.77
2024-10-07 01:00:00+00:00,457.58
2024-10-07 02:00:00+00:00,757.37
2024-10-07 03:00:00+00:00,959.93
2024-10-07 04:00:00+00:00,978.17
2024-10-07 05:00:00+00:00,919.35
2024-10-07 06:00:00+00:00,1144.22
2024-10-07 07:00:00+00:00,1068.57
2024-10-07 08:00:00+00:00,881.47
2024-10-07 09:00:00+00:00,1506.3
2024-10-07 10:00:00+00:00,892.07
2024-10-07 11:00:00+00:00,1829.12
2024-10-07 12:00:00+00:00,994.58
2024-10-07 13:00:00+00:00,821.42
2024-10-07 14:00:00+00:00,808.47
2024-10-07 15:00:00+00:00,831.18
2024-10-07 16:00:00+00:00,965.73
2024-10-07 17:00:00+00:00,876.48
2024-10-07 18:00:00+00:00,1018.4
2024-10-07 19:00:00+00:00,989.47
2024-10-07 20:00:00+00:00,997.58
2024-10-07 21:00:00+00:00,972.35
2024-10-07 22:00:00+00:00,875.51
2024-10-07 23:00:00+00:00,945.22
2024-10-08 00:00:00+00:00,862.15
2024-10-08 01:00:00+00:00,999.77
2024-10-08 02:00:00+00:00,717.9
2024-10-08 03:00:00+00:00,866.78
2024-10-08 04:00:00+00:00,893.05
2024-10-08 05:00:00+00:00,959.18
2024-10-08 06:00:00+00:00,1055.0
2024-10-08 07:00:00+00:00,1333.22
2024-10-08 08:00:00+00:00,1081.73
2024-10-08 09:00:00+00:00,1057.42
2024-10-08 10:00:00+00:00,1003.83
2024-10-08 11:00:00+00:00,1041.48
2024-10-08 12:00:00+00:00,1093.72
2024-10-08 13:00:00+00:00,1078.53
2024-10-08 14:00:00+00:00,1084.62
2024-10-08 15:00:00+00:00,1010.08
2024-10-08 16:00:00+00:00,984.34
2024-10-08 17:00:00+00:00,1445.15
2024-10-08 18:00:00+00:00,994.34
2024-10-08 19:00:00+00:00,968.83
2024-10-08 20:00:00+00:00,989.05
2024-10-08 21:00:00+00:00,784.05
2024-10-08 22:00:00+00:00,206.38
2024-10-08 23:00:00+00:00,135.52
2024-10-09 00:00:00+00:00,136.75
2024-10-09 01:00:00+00:00,206.9
2024-10-09 02:00:00+00:00,224.55
2024-10-09 03:00:00+00:00,369.05
2024-10-09 04:00:00+00:00,598.61
2024-10-09 05:00:00+00:00,1051.55
2024-10-09 06:00:00+00:00,1122.78
2024-10-09 07:00:00+00:00,1290.35
2024-10-09 08:00:00+00:00,958.75
2024-10-09 09:00:00+00:00,823.12
2024-10-09 10:00:00+00:00,819.0
2024-10-09 11:00:00+00:00,1670.18
2024-10-09 12:00:00+00:00,1535.67
2024-10-09 13:00:00+00:00,998.03
2024-10-09 14:00:00+00:00,716.4
2024-10-09 15:00:00+00:00,909.2
2024-10-09 16:00:00+00:00,1824.07
2024-10-09 17:00:00+00:00,1205.75
2024-10-09 18:00:00+00:00,1805.42
2024-10-09 19:00:00+00:00,1157.3
2024-10-09 20:00:00+00:00,1036.23
2024-10-09 21:00:00+00:00,1034.65
2024-10-09 22:00:00+00:00,918.75
2024-10-09 23:00:00+00:00,772.0
2024-10-10 00:00:00+00:00,1006.45
2024-10-10 01:00:00+00:00,828.45
2024-10-10 02:00:00+00:00,634.92
2024-10-10 03:00:00+00:00,229.63
2024-10-10 04:00:00+00:00,142.38
2024-10-10 05:00:00+00:00,719.63
2024-10-10 06:00:00+00:00,1008.63
2024-10-10 07:00:00+00:00,1747.17
2024-10-10 08:00:00+00:00,1635.7
2024-10-10 09:00:00+00:00,867.6
2024-10-10 10:00:00+00:00,1723.58
2024-10-10 11:00:00+00:00,1121.15
2024-10-10 12:00:00+00:00,1214.27
2024-10-10 13:00:00+00:00,813.55
2024-10-10 14:00:00+00:00,892.93
2024-10-10 15:00:00+00:00,1226.0
2024-10-10 16:00:00+00:00,864.47
2024-10-10 17:00:00+00:00,141.52
2024-10-10 18:00:00+00:00,125.47
2024-10-10 19:00:00+00:00,137.45
2024-10-10 20:00:00+00:00,327.77
2024-10-10 21:00:00+00:00,225.28
2024-10-10 22:00:00+00:00,130.65
2024-10-10 23:00:00+00:00,91.03
2024-10-11 00:00:00+00:00,73.08
2024-10-11 01:00:00+00:00,129.02
2024-10-11 02:00:00+00:00,159.52
2024-10-11 03:00:00+00:00,193.75
2024-10-11 04:00:00+00:00,170.25
2024-10-11 05:00:00+00:00,381.37
2024-10-11 06:00:00+00:00,978.27
2024-10-11 07:00:00+00:00,830.87
2024-10-11 08:00:00+00:00,909.65
2024-10-11 09:00:00+00:00,870.0
2024-10-11 10:00:00+00:00,1055.87
2024-10-11 11:00:00+00:00,2100.17
2024-10-11 12:00:00+00:00,902.07
2024-10-11 13:00:00+00:00,825.75
2024-10-11 14:00:00+00:00,993.75
2024-10-11 15:00:00+00:00,756.88
2024-10-11 16:00:00+00:00,470.58
2024-10-11 17:00:00+00:00,203.46
2024-10-11 18:00:00+00:00,808.02
2024-10-11 19:00:00+00:00,376.3
2024-10-11 20:00:00+00:00,262.48
2024-10-11 21:00:00+00:00,147.33
2024-10-11 22:00:00+00:00,110.3
2024-10-11 23:00:00+00:00,151.55
2024-10-12 00:00:00+00:00,201.93
2024-10-12 01:00:00+00:00,191.07
2024-10-12 02:00:00+00:00,245.62
2024-10-12 03:00:00+00:00,175.63
2024-10-12 04:00:00+00:00,220.03
2024-10-12 05:00:00+00:00,424.35
2024-10-12 06:00:00+00:00,960.93
2024-10-12 07:00:00+00:00,1128.97
2024-10-12 08:00:00+00:00,1114.43
2024-10-12 09:00:00+00:00,1027.57
2024-10-12 10:00:00+00:00,805.9
2024-10-12 11:00:00+00:00,848.55
2024-10-12 12:00:00+00:00,845.88
2024-10-12 13:00:00+00:00,1118.37
2024-10-12 14:00:00+00:00,1264.22
2024-10-12 15:00:00+00:00,762.95
2024-10-12 16:00:00+00:00,1094.25
2024-10-12 17:00:00+00:00,992.28
2024-10-12 18:00:00+00:00,551.98
2024-10-12 19:00:00+00:00,352.7
2024-10-12 20:00:00+00:00,351.07
2024-10-12 21:00:00+00:00,290.55
2024-10-12 22:00:00+00:00,177.83
2024-10-12 23:00:00+00:00,120.52
2024-10-13 00:00:00+00:00,149.27
2024-10-13 01:00:00+00:00,195.62
2024-10-13 02:00:00+00:00,215.83
2024-10-13 03:00:00+00:00,220.1
2024-10-13 04:00:00+00:00,208.77
2024-10-13 05:00:00+00:00,251.62
2024-10-13 06:00:00+00:00,638.38
2024-10-13 07:00:00+00:00,807.0
2024-10-13 08:00:00+00:00,1129.1
2024-10-13 09:00:00+00:00,856.8
2024-10-13 10:00:00+00:00,1033.29
2024-10-13 11:00:00+00:00,313.98
2024-10-13 12:00:00+00:00,290.62
2024-10-13 13:00:00+00:00,326.2
2024-10-13 14:00:00+00:00,200.87
2024-10-13 15:00:00+00:00,258.47
2024-10-13 16:00:00+00:00,256.03
2024-10-13 17:00:00+00:00,639.45
2024-10-13 18:00:00+00:00,974.32
2024-10-13 19:00:00+00:00,1122.67
2024-10-13 20:00:00+00:00,1134.83
2024-10-13 21:00:00+00:00,757.35
2024-10-13 22:00:00+00:00,263.28
2024-10-13 23:00:00+00:00,120.85
2024-10-14 00:00:00+00:00,239.37
2024-10-14 01:00:00+00:00,252.15
2024-10-14 02:00:00+00:00,263.93
2024-10-14 03:00:00+00:00,209.53
2024-10-14 04:00:00+00:00,234.35
2024-10-14 05:00:00+00:00,692.28
2024-10-14 06:00:00+00:00,1345.1
2024-10-14 07:00:00+00:00,1071.13
2024-10-14 08:00:00+00:00,1171.33
2024-10-14 09:00:00+00:00,1329.69
2024-10-14 10:00:00+00:00,1409.3
2024-10-14 11:00:00+00:00,1431.05
2024-10-14 12:00:00+00:00,1113.5
2024-10-14 13:00:00+00:00,811.93
2024-10-14 14:00:00+00:00,772.25
2024-10-14 15:00:00+00:00,833.89
2024-10-14 16:00:00+00:00,1209.27
2024-10-14 17:00:00+00:00,876.12
2024-10-14 18:00:00+00:00,759.73
2024-10-14 19:00:00+00:00,370.05
2024-10-14 20:00:00+00:00,287.72
2024-10-14 21:00:00+00:00,226.78
2024-10-14 22:00:00+00:00,159.05
2024-10-14 23:00:00+00:00,223.87
2024-10-15 00:00:00+00:00,163.35
2024-10-15 01:00:00+00:00,228.53
2024-10-15 02:00:00+00:00,221.17
2024-10-15 03:00:00+00:00,272.1
2024-10-15 04:00:00+00:00,240.7
2024-10-15 05:00:00+00:00,438.7
2024-10-15 06:00:00+00:00,1192.45
2024-10-15 07:00:00+00:00,1145.0
2024-10-15 08:00:00+00:00,1191.38
2024-10-15 09:00:00+00:00,958.87
2024-10-15 10:00:00+00:00,1484.37
2024-10-15 11:00:00+00:00,985.12
2024-10-15 12:00:00+00:00,943.07
2024-10-15 13:00:00+00:00,436.9
2024-10-15 14:00:00+00:00,383.22
2024-10-15 15:00:00+00:00,333.33
2024-10-15 16:00:00+00:00,340.74
2024-10-15 17:00:00+00:00,1457.95
2024-10-15 18:00:00+00:00,648.52
2024-10-15 19:00:00+00:00,412.58
2024-10-15 20:00:00+00:00,435.37
2024-10-15 21:00:00+00:00,288.23
2024-10-15 22:00:00+00:00,188.22
2024-10-15 23:00:00+00:00,174.9
2024-10-16 00:00:00+00:00,216.35
2024-10-16 01:00:00+00:00,222.23
2024-10-16 02:00:00+00:00,233.17
2024-10-16 03:00:00+00:00,319.4
2024-10-16 04:00:00+00:00,393.93
2024-10-16 05:00:00+00:00,896.98
2024-10-16 06:00:00+00:00,1239.92
2024-10-16 07:00:00+00:00,1958.1
2024-10-16 08:00:00+00:00,635.73
2024-10-16 09:00:00+00:00,1788.48
2024-10-16 10:00:00+00:00,1388.46
2024-10-16 11:00:00+00:00,1135.95
2024-10-16 12:00:00+00:00,507.23
2024-10-16 13:00:00+00:00,1088.58
2024-10-16 14:00:00+00:00,394.1
2024-10-16 15:00:00+00:00,1145.02
2024-10-16 16:00:00+00:00,229.58
2024-10-16 17:00:00+00:00,1264.08
2024-10-16 18:00:00+00:00,411.88
2024-10-16 19:00:00+00:00,1123.65
2024-10-16 20:00:00+00:00,298.32
2024-10-16 21:00:00+00:00,1018.65
2024-10-16 22:00:00+00:00,154.03
2024-10-16 23:00:00+00:00,295.97
2024-10-17 00:00:00+00:00,136.18
2024-10-17 01:00:00+00:00,449.78
2024-10-17 02:00:00+00:00,140.48
2024-10-17 03:00:00+00:00,512.48
2024-10-17 04:00:00+00:00,131.28
2024-10-17 05:00:00+00:00,795.12
2024-10-17 06:00:00+00:00,473.03
2024-10-17 07:00:00+00:00,1133.45
2024-10-17 08:00:00+00:00,727.88
2024-10-17 09:00:00+00:00,1143.25
2024-10-17 10:00:00+00:00,1568.93
2024-10-17 11:00:00+00:00,1293.17
2024-10-17 12:00:00+00:00,825.73
2024-10-17 13:00:00+00:00,1162.37
2024-10-17 14:00:00+00:00,336.17
2024-10-17 15:00:00+00:00,1177.82
2024-10-17 16:00:00+00:00,408.95
2024-10-17 17:00:00+00:00,1224.93
2024-10-17 18:00:00+00:00,298.08
2024-10-17 19:00:00+00:00,671.88
2024-10-17 20:00:00+00:00,671.02
2024-10-17 21:00:00+00:00,931.88
2024-10-17 22:00:00+00:00,134.9
2024-10-17 23:00:00+00:00,293.61
2024-10-18 00:00:00+00:00,136.0
2024-10-18 01:00:00+00:00,382.43
2024-10-18 02:00:00+00:00,137.6
2024-10-18 03:00:00+00:00,579.93
2024-10-18 04:00:00+00:00,126.65
2024-10-18 05:00:00+00:00,702.52
2024-10-18 06:00:00+00:00,411.13
2024-10-18 07:00:00+00:00,990.12
2024-10-18 08:00:00+00:00,1077.15
2024-10-18 09:00:00+00:00,1249.2
2024-10-18 10:00:00+00:00,1159.27
2024-10-18 11:00:00+00:00,1085.65
2024-10-18 12:00:00+00:00,996.65
2024-10-18 13:00:00+00:00,1120.62
2024-10-18 14:00:00+00:00,623.92
2024-10-18 15:00:00+00:00,1237.13
2024-10-18 16:00:00+00:00,578.93
2024-10-18 17:00:00+00:00,1294.98
2024-10-18 18:00:00+00:00,745.52
2024-10-18 19:00:00+00:00,1085.28
2024-10-18 20:00:00+00:00,304.4
2024-10-18 21:00:00+00:00,649.77
2024-10-18 22:00:00+00:00,136.9
2024-10-18 23:00:00+00:00,80.85
2024-10-19 00:00:00+00:00,126.42
2024-10-19 01:00:00+00:00,86.92
2024-10-19 02:00:00+00:00,117.72
2024-10-19 03:00:00+00:00,93.4
2024-10-19 04:00:00+00:00,100.55
2024-10-19 05:00:00+00:00,180.73
2024-10-19 06:00:00+00:00,337.12
2024-10-19 07:00:00+00:00,279.45
2024-10-19 08:00:00+00:00,328.97
2024-10-19 09:00:00+00:00,1671.53
2024-10-19 10:00:00+00:00,926.75
2024-10-19 11:00:00+00:00,1594.98
2024-10-19 12:00:00+00:00,1061.88
2024-10-19 13:00:00+00:00,1788.73
2024-10-19 14:00:00+00:00,502.57
2024-10-19 15:00:00+00:00,960.3
2024-10-19 16:00:00+00:00,236.18
2024-10-19 17:00:00+00:00,806.95
2024-10-19 18:00:00+00:00,180.52
2024-10-19 19:00:00+00:00,631.12
2024-10-19 20:00:00+00:00,233.3
2024-10-19 21:00:00+00:00,457.77
2024-10-19 22:00:00+00:00,128.02
2024-10-19 23:00:00+00:00,88.48
2024-10-20 00:00:00+00:00,130.41
2024-10-20 01:00:00+00:00,570.83
2024-10-20 02:00:00+00:00,158.63
2024-10-20 03:00:00+00:00,518.73
2024-10-20 04:00:00+00:00,185.23
2024-10-20 05:00:00+00:00,899.32
2024-10-20 06:00:00+00:00,571.35
2024-10-20 07:00:00+00:00,1209.32
2024-10-20 08:00:00+00:00,381.17
2024-10-20 09:00:00+00:00,636.85
2024-10-20 10:00:00+00:00,114.98
2024-10-20 11:00:00+00:00,432.65
2024-10-20 12:00:00+00:00,117.3
2024-10-20 13:00:00+00:00,471.3
2024-10-20 14:00:00+00:00,179.13
2024-10-20 15:00:00+00:00,499.48
2024-10-20 16:00:00+00:00,182.58
2024-10-20 17:00:00+00:00,1130.4
2024-10-20 18:00:00+00:00,253.2
2024-10-20 19:00:00+00:00,633.32
2024-10-20 20:00:00+00:00,183.25
2024-10-20 21:00:00+00:00,516.57
2024-10-20 22:00:00+00:00,95.67
2024-10-20 23:00:00+00:00,506.18
2024-10-21 00:00:00+00:00,736.59
2024-10-21 01:00:00+00:00,139.37
2024-10-21 02:00:00+00:00,101.78
2024-10-21 03:00:00+00:00,111.17
2024-10-21 04:00:00+00:00,697.97
2024-10-21 05:00:00+00:00,1178.38
2024-10-21 06:00:00+00:00,1322.87
2024-10-21 07:00:00+00:00,1156.05
2024-10-21 08:00:00+00:00,1136.17
2024-10-21 09:00:00+00:00,1110.4
2024-10-21 10:00:00+00:00,890.92
2024-10-21 11:00:00+00:00,1632.63
2024-10-21 12:00:00+00:00,828.07
2024-10-21 13:00:00+00:00,1132.92
2024-10-21 14:00:00+00:00,771.97
2024-10-21 15:00:00+00:00,1095.25
2024-10-21 16:00:00+00:00,830.4
2024-10-21 17:00:00+00:00,1081.48
2024-10-21 18:00:00+00:00,1195.82
2024-10-21 19:00:00+00:00,1095.75
2024-10-21 20:00:00+00:00,949.72
2024-10-21 21:00:00+00:00,214.92
2024-10-21 22:00:00+00:00,122.15
2024-10-21 23:00:00+00:00,128.65
2024-10-22 00:00:00+00:00,94.98
2024-10-22 01:00:00+00:00,229.23
2024-10-22 02:00:00+00:00,77.63
2024-10-22 03:00:00+00:00,324.03
2024-10-22 04:00:00+00:00,84.88
2024-10-22 05:00:00+00:00,525.02
2024-10-22 06:00:00+00:00,712.2
2024-10-22 07:00:00+00:00,1125.18
2024-10-22 08:00:00+00:00,561.28
2024-10-22 09:00:00+00:00,1038.78
2024-10-22 10:00:00+00:00,350.58
2024-10-22 11:00:00+00:00,1133.68
2024-10-22 12:00:00+00:00,226.35
2024-10-22 13:00:00+00:00,749.16
2024-10-22 14:00:00+00:00,245.25
2024-10-22 15:00:00+00:00,364.0
2024-10-22 16:00:00+00:00,243.72
2024-10-22 17:00:00+00:00,600.43
2024-10-22 18:00:00+00:00,202.57
2024-10-22 19:00:00+00:00,643.5
2024-10-22 20:00:00+00:00,188.32
2024-10-22 21:00:00+00:00,435.88
2024-10-22 22:00:00+00:00,114.9
2024-10-22 23:00:00+00:00,316.53
2024-10-23 00:00:00+00:00,116.98
2024-10-23 01:00:00+00:00,385.63
2024-10-23 02:00:00+00:00,132.53
2024-10-23 03:00:00+00:00,397.02
2024-10-23 04:00:00+00:00,137.52
2024-10-23 05:00:00+00:00,736.27
2024-10-23 06:00:00+00:00,379.1
2024-10-23 07:00:00+00:00,1004.93
2024-10-23 08:00:00+00:00,388.27
2024-10-23 09:00:00+00:00,1130.82
2024-10-23 10:00:00+00:00,1511.37
2024-10-23 11:00:00+00:00,1098.07
2024-10-23 12:00:00+00:00,319.88
2024-10-23 13:00:00+00:00,965.17
2024-10-23 14:00:00+00:00,193.52
2024-10-23 15:00:00+00:00,1045.08
2024-10-23 16:00:00+00:00,179.28
2024-10-23 17:00:00+00:00,1037.2
2024-10-23 18:00:00+00:00,269.45
2024-10-23 19:00:00+00:00,1062.68
2024-10-23 20:00:00+00:00,244.42
2024-10-23 21:00:00+00:00,761.43
2024-10-23 22:00:00+00:00,121.38
2024-10-23 23:00:00+00:00,199.37
2024-10-24 00:00:00+00:00,131.27
2024-10-24 01:00:00+00:00,530.98
2024-10-24 02:00:00+00:00,143.62
2024-10-24 03:00:00+00:00,590.73
2024-10-24 04:00:00+00:00,139.59
2024-10-24 05:00:00+00:00,1177.76
2024-10-24 06:00:00+00:00,524.73
2024-10-24 07:00:00+00:00,1195.7
2024-10-24 08:00:00+00:00,481.37
2024-10-24 09:00:00+00:00,1081.21
2024-10-24 10:00:00+00:00,834.0
2024-10-24 11:00:00+00:00,1431.9
2024-10-24 12:00:00+00:00,324.83
2024-10-24 13:00:00+00:00,905.18
2024-10-24 14:00:00+00:00,282.38
2024-10-24 15:00:00+00:00,1136.58
2024-10-24 16:00:00+00:00,346.37
2024-10-24 17:00:00+00:00,1091.42
2024-10-24 18:00:00+00:00,394.52
2024-10-24 19:00:00+00:00,1283.53
2024-10-24 20:00:00+00:00,627.87
2024-10-24 21:00:00+00:00,965.62
2024-10-24 22:00:00+00:00,79.51
2024-10-24 23:00:00+00:00,488.97
2024-10-25 00:00:00+00:00,90.58
2024-10-25 01:00:00+00:00,665.5
2024-10-25 02:00:00+00:00,100.2
2024-10-25 03:00:00+00:00,624.58
2024-10-25 04:00:00+00:00,128.38
2024-10-25 05:00:00+00:00,681.03
2024-10-25 06:00:00+00:00,414.65
2024-10-25 07:00:00+00:00,939.18
2024-10-25 08:00:00+00:00,393.75
2024-10-25 09:00:00+00:00,1155.2
2024-10-25 10:00:00+00:00,956.42
2024-10-25 11:00:00+00:00,1221.78
2024-10-25 12:00:00+00:00,482.02
2024-10-25 13:00:00+00:00,822.02
2024-10-25 14:00:00+00:00,118.59
2024-10-25 15:00:00+00:00,607.52
2024-10-25 16:00:00+00:00,280.02
2024-10-25 17:00:00+00:00,880.28
2024-10-25 18:00:00+00:00,316.61
2024-10-25 19:00:00+00:00,1068.1
2024-10-25 20:00:00+00:00,205.75
2024-10-25 21:00:00+00:00,658.73
2024-10-25 22:00:00+00:00,89.08
2024-10-25 23:00:00+00:00,126.57
2024-10-26 00:00:00+00:00,94.25
2024-10-26 01:00:00+00:00,118.05
2024-10-26 02:00:00+00:00,107.78
2024-10-26 03:00:00+00:00,99.5
2024-10-26 04:00:00+00:00,127.1
2024-10-26 05:00:00+00:00,259.2
2024-10-26 06:00:00+00:00,446.64
2024-10-26 07:00:00+00:00,1178.92
2024-10-26 08:00:00+00:00,712.75
2024-10-26 09:00:00+00:00,1191.25
2024-10-26 10:00:00+00:00,755.73
2024-10-26 11:00:00+00:00,1151.17
2024-10-26 12:00:00+00:00,336.47
2024-10-26 13:00:00+00:00,1034.93
2024-10-26 14:00:00+00:00,219.02
2024-10-26 15:00:00+00:00,964.12
2024-10-26 16:00:00+00:00,182.73
2024-10-26 17:00:00+00:00,1053.73
2024-10-26 18:00:00+00:00,282.45
2024-10-26 19:00:00+00:00,944.38
2024-10-26 20:00:00+00:00,249.62
2024-10-26 21:00:00+00:00,930.22
2024-10-26 22:00:00+00:00,185.77
2024-10-26 23:00:00+00:00,109.47
2024-10-27 00:00:00+00:00,92.78
2024-10-27 01:00:00+00:00,497.12
2024-10-27 02:00:00+00:00,127.18
2024-10-27 03:00:00+00:00,635.0
2024-10-27 04:00:00+00:00,130.22
2024-10-27 05:00:00+00:00,654.13
2024-10-27 06:00:00+00:00,158.97
2024-10-27 07:00:00+00:00,1238.68
2024-10-27 08:00:00+00:00,481.08
2024-10-27 09:00:00+00:00,1100.03
2024-10-27 10:00:00+00:00,162.85
2024-10-27 11:00:00+00:00,1585.68
2024-10-27 12:00:00+00:00,344.48
2024-10-27 13:00:00+00:00,1026.17
2024-10-27 14:00:00+00:00,614.78
2024-10-27 15:00:00+00:00,797.55
2024-10-27 16:00:00+00:00,175.3
2024-10-27 17:00:00+00:00,453.67
2024-10-27 18:00:00+00:00,717.65
2024-10-27 19:00:00+00:00,1556.92
2024-10-27 20:00:00+00:00,242.4
2024-10-27 21:00:00+00:00,950.87
2024-10-27 22:00:00+00:00,221.03
2024-10-27 23:00:00+00:00,429.77
2024-10-28 00:00:00+00:00,455.9
2024-10-28 01:00:00+00:00,111.32
2024-10-28 02:00:00+00:00,106.67
2024-10-28 03:00:00+00:00,117.02
2024-10-28 04:00:00+00:00,541.67
2024-10-28 05:00:00+00:00,781.33
2024-10-28 06:00:00+00:00,1137.2
2024-10-28 07:00:00+00:00,1302.35
2024-10-28 08:00:00+00:00,1249.83
2024-10-28 09:00:00+00:00,965.59
2024-10-28 10:00:00+00:00,1036.68
2024-10-28 11:00:00+00:00,1207.56
2024-10-28 12:00:00+00:00,1231.35
2024-10-28 13:00:00+00:00,955.78
2024-10-28 14:00:00+00:00,966.97
2024-10-28 15:00:00+00:00,1171.2
2024-10-28 16:00:00+00:00,958.28
2024-10-28 17:00:00+00:00,1212.02
2024-10-28 18:00:00+00:00,1225.58
2024-10-28 19:00:00+00:00,1334.7
2024-10-28 20:00:00+00:00,957.61
2024-10-28 21:00:00+00:00,363.97
2024-10-28 22:00:00+00:00,917.55
2024-10-28 23:00:00+00:00,204.07
2024-10-29 00:00:00+00:00,106.16
2024-10-29 01:00:00+00:00,96.2
2024-10-29 02:00:00+00:00,119.97
2024-10-29 03:00:00+00:00,118.41
2024-10-29 04:00:00+00:00,111.0
2024-10-29 05:00:00+00:00,158.75
2024-10-29 06:00:00+00:00,151.25
2024-10-29 07:00:00+00:00,583.28
2024-10-29 08:00:00+00:00,313.12
2024-10-29 09:00:00+00:00,553.6
2024-10-29 10:00:00+00:00,305.38
2024-10-29 11:00:00+00:00,652.41
2024-10-29 12:00:00+00:00,760.4
2024-10-29 13:00:00+00:00,481.17
2024-10-29 14:00:00+00:00,346.85
2024-10-29 15:00:00+00:00,428.58
2024-10-29 16:00:00+00:00,638.48
2024-10-29 17:00:00+00:00,980.6
2024-10-29 18:00:00+00:00,678.48
2024-10-29 19:00:00+00:00,818.35
2024-10-29 20:00:00+00:00,420.0
2024-10-29 21:00:00+00:00,359.77
2024-10-29 22:00:00+00:00,706.53
2024-10-29 23:00:00+00:00,909.12
2024-10-30 00:00:00+00:00,123.92
2024-10-30 01:00:00+00:00,144.55
2024-10-30 02:00:00+00:00,104.42
2024-10-30 03:00:00+00:00,182.73
2024-10-30 04:00:00+00:00,162.85
2024-10-30 05:00:00+00:00,267.43
2024-10-30 06:00:00+00:00,356.22
2024-10-30 07:00:00+00:00,762.27
2024-10-30 08:00:00+00:00,878.0
2024-10-30 09:00:00+00:00,1028.56
2024-10-30 10:00:00+00:00,1467.15
2024-10-30 11:00:00+00:00,1562.98
2024-10-30 12:00:00+00:00,839.72
2024-10-30 13:00:00+00:00,793.18
2024-10-30 14:00:00+00:00,379.5
2024-10-30 15:00:00+00:00,338.55
2024-10-30 16:00:00+00:00,172.48
2024-10-30 17:00:00+00:00,223.3
2024-10-30 18:00:00+00:00,196.75
2024-10-30 19:00:00+00:00,531.08
2024-10-30 20:00:00+00:00,367.95
2024-10-30 21:00:00+00:00,479.37
2024-10-30 22:00:00+00:00,334.38
2024-10-30 23:00:00+00:00,246.62
2024-10-31 00:00:00+00:00,205.23
2024-10-31 01:00:00+00:00,212.58
2024-10-31 02:00:00+00:00,140.95
2024-10-31 03:00:00+00:00,283.55
2024-10-31 04:00:00+00:00,221.85
2024-10-31 05:00:00+00:00,406.72
2024-10-31 06:00:00+00:00,842.63
2024-10-31 07:00:00+00:00,1174.28
2024-10-31 08:00:00+00:00,1089.63
2024-10-31 09:00:00+00:00,1087.38
2024-10-31 10:00:00+00:00,1083.13
2024-10-31 11:00:00+00:00,1234.68
2024-10-31 12:00:00+00:00,1664.26
2024-10-31 13:00:00+00:00,905.9
2024-10-31 14:00:00+00:00,221.52
2024-10-31 15:00:00+00:00,139.55
2024-10-31 16:00:00+00:00,177.33
2024-10-31 17:00:00+00:00,1214.65
2024-10-31 18:00:00+00:00,300.18
2024-10-31 19:00:00+00:00,456.9
2024-10-31 20:00:00+00:00,387.93
2024-10-31 21:00:00+00:00,533.07
2024-08-31 21:00:00+00:00,240.18
2024-08-31 22:00:00+00:00,134.52
2024-08-31 23:00:00+00:00,91.27
2024-09-01 00:00:00+00:00,117.9
2024-09-01 01:00:00+00:00,113.41
2024-09-01 02:00:00+00:00,95.87
2024-09-01 03:00:00+00:00,126.38
2024-09-01 04:00:00+00:00,113.3
2024-09-01 05:00:00+00:00,384.13
2024-09-01 06:00:00+00:00,708.4
2024-09-01 07:00:00+00:00,190.9
2024-09-01 08:00:00+00:00,175.72
2024-09-01 09:00:00+00:00,202.1
2024-09-01 10:00:00+00:00,173.88
2024-09-01 11:00:00+00:00,139.8
2024-09-01 12:00:00+00:00,189.3
2024-09-01 13:00:00+00:00,305.77
2024-09-01 14:00:00+00:00,196.03
2024-09-01 15:00:00+00:00,194.8
2024-09-01 16:00:00+00:00,294.27
2024-09-01 17:00:00+00:00,306.2
2024-09-01 18:00:00+00:00,316.37
2024-09-01 19:00:00+00:00,252.42
2024-09-01 20:00:00+00:00,129.33
2024-09-01 21:00:00+00:00,118.73
2024-09-01 22:00:00+00:00,92.58
2024-09-01 23:00:00+00:00,121.08
2024-09-02 00:00:00+00:00,116.2
2024-09-02 01:00:00+00:00,90.95
2024-09-02 02:00:00+00:00,124.55
2024-09-02 03:00:00+00:00,113.08
2024-09-02 04:00:00+00:00,89.1
2024-09-02 05:00:00+00:00,209.98
2024-09-02 06:00:00+00:00,270.67
2024-09-02 07:00:00+00:00,215.25
2024-09-02 08:00:00+00:00,189.52
2024-09-02 09:00:00+00:00,181.38
2024-09-02 10:00:00+00:00,287.2
2024-09-02 11:00:00+00:00,201.27
2024-09-02 12:00:00+00:00,212.75
2024-09-02 13:00:00+00:00,224.42
2024-09-02 14:00:00+00:00,217.32
2024-09-02 15:00:00+00:00,152.9
2024-09-02 16:00:00+00:00,539.17
2024-09-02 17:00:00+00:00,428.77
2024-09-02 18:00:00+00:00,293.03
2024-09-02 19:00:00+00:00,327.9
2024-09-02 20:00:00+00:00,242.22
2024-09-02 21:00:00+00:00,99.72
2024-09-02 22:00:00+00:00,107.59
2024-09-02 23:00:00+00:00,125.82
2024-09-03 00:00:00+00:00,92.28
2024-09-03 01:00:00+00:00,112.38
2024-09-03 02:00:00+00:00,124.18
2024-09-03 03:00:00+00:00,86.68
2024-09-03 04:00:00+00:00,117.98
2024-09-03 05:00:00+00:00,150.92
2024-09-03 06:00:00+00:00,247.23
2024-09-03 07:00:00+00:00,272.4
2024-09-03 08:00:00+00:00,280.5
2024-09-03 09:00:00+00:00,614.5
2024-09-03 10:00:00+00:00,411.93
2024-09-03 11:00:00+00:00,248.35
2024-09-03 12:00:00+00:00,193.47
2024-09-03 13:00:00+00:00,126.23
2024-09-03 14:00:00+00:00,214.57
2024-09-03 15:00:00+00:00,192.9
2024-09-03 16:00:00+00:00,129.84
2024-09-03 17:00:00+00:00,283.29
2024-09-03 18:00:00+00:00,278.38
2024-09-03 19:00:00+00:00,281.02
2024-09-03 20:00:00+00:00,362.5
2024-09-03 21:00:00+00:00,124.67
2024-09-03 22:00:00+00:00,92.0
2024-09-03 23:00:00+00:00,123.46
2024-09-04 00:00:00+00:00,116.18
2024-09-04 01:00:00+00:00,92.15
2024-09-04 02:00:00+00:00,125.68
2024-09-04 03:00:00+00:00,107.32
2024-09-04 04:00:00+00:00,85.82
2024-09-04 05:00:00+00:00,236.52
2024-09-04 06:00:00+00:00,615.6
2024-09-04 07:00:00+00:00,732.33
2024-09-04 08:00:00+00:00,287.64
2024-09-04 09:00:00+00:00,231.45
2024-09-04 10:00:00+00:00,510.61
2024-09-04 11:00:00+00:00,439.43
2024-09-04 12:00:00+00:00,188.03
2024-09-04 13:00:00+00:00,165.23
2024-09-04 14:00:00+00:00,143.78
2024-09-04 15:00:00+00:00,145.83
2024-09-04 16:00:00+00:00,244.7
2024-09-04 17:00:00+00:00,256.55
2024-09-04 18:00:00+00:00,296.53
2024-09-04 19:00:00+00:00,300.72
2024-09-04 20:00:00+00:00,187.63
2024-09-04 21:00:00+00:00,113.68
2024-09-04 22:00:00+00:00,124.47
2024-09-04 23:00:00+00:00,90.37
2024-09-05 00:00:00+00:00,125.37
2024-09-05 01:00:00+00:00,115.95
2024-09-05 02:00:00+00:00,94.2
2024-09-05 03:00:00+00:00,127.62
2024-09-05 04:00:00+00:00,111.15
2024-09-05 05:00:00+00:00,225.72
2024-09-05 06:00:00+00:00,421.95
2024-09-05 07:00:00+00:00,376.8
2024-09-05 08:00:00+00:00,348.23
2024-09-05 09:00:00+00:00,1012.07
2024-09-05 10:00:00+00:00,293.27
2024-09-05 11:00:00+00:00,235.9
2024-09-05 12:00:00+00:00,187.62
2024-09-05 13:00:00+00:00,205.83
2024-09-05 14:00:00+00:00,315.62
2024-09-05 15:00:00+00:00,313.11
2024-09-05 16:00:00+00:00,341.65
2024-09-05 17:00:00+00:00,306.46
2024-09-05 18:00:00+00:00,265.54
2024-09-05 19:00:00+00:00,289.63
2024-09-05 20:00:00+00:00,194.85
2024-09-05 21:00:00+00:00,91.15
2024-09-05 22:00:00+00:00,106.05
2024-09-05 23:00:00+00:00,118.69
2024-09-06 00:00:00+00:00,88.98
2024-09-06 01:00:00+00:00,113.45
2024-09-06 02:00:00+00:00,121.98
2024-09-06 03:00:00+00:00,84.93
2024-09-06 04:00:00+00:00,125.2
2024-09-06 05:00:00+00:00,120.43
2024-09-06 06:00:00+00:00,257.59
2024-09-06 07:00:00+00:00,297.17
2024-09-06 08:00:00+00:00,248.78
2024-09-06 09:00:00+00:00,218.08
2024-09-06 10:00:00+00:00,190.93
2024-09-06 11:00:00+00:00,312.58
2024-09-06 12:00:00+00:00,539.95
2024-09-06 13:00:00+00:00,548.38
2024-09-06 14:00:00+00:00,88.1
2024-09-06 15:00:00+00:00,144.38
2024-09-06 16:00:00+00:00,115.88
2024-09-06 17:00:00+00:00,152.1
2024-09-06 18:00:00+00:00,382.35
2024-09-06 19:00:00+00:00,304.42
2024-09-06 20:00:00+00:00,232.48
2024-09-06 21:00:00+00:00,131.08
2024-09-06 22:00:00+00:00,94.83
2024-09-06 23:00:00+00:00,105.98
2024-09-07 00:00:00+00:00,130.07
2024-09-07 01:00:00+00:00,99.85
2024-09-07 02:00:00+00:00,102.23
2024-09-07 03:00:00+00:00,124.92
2024-09-07 04:00:00+00:00,120.59
2024-09-07 05:00:00+00:00,183.2
2024-09-07 06:00:00+00:00,263.42
2024-09-07 07:00:00+00:00,238.67
2024-09-07 08:00:00+00:00,110.17
2024-09-07 09:00:00+00:00,108.51
2024-09-07 10:00:00+00:00,877.07
2024-09-07 11:00:00+00:00,232.28
2024-09-07 12:00:00+00:00,251.57
2024-09-07 13:00:00+00:00,175.92
2024-09-07 14:00:00+00:00,172.03
2024-09-07 15:00:00+00:00,189.9
2024-09-07 16:00:00+00:00,301.8
2024-09-07 17:00:00+00:00,227.97
2024-09-07 18:00:00+00:00,277.52
2024-09-07 19:00:00+00:00,301.08
2024-09-07 20:00:00+00:00,197.05
2024-09-07 21:00:00+00:00,110.95
2024-09-07 22:00:00+00:00,126.43
2024-09-07 23:00:00+00:00,97.15
2024-09-08 00:00:00+00:00,104.1
2024-09-08 01:00:00+00:00,132.12
2024-09-08 02:00:00+00:00,95.25
2024-09-08 03:00:00+00:00,108.28
2024-09-08 04:00:00+00:00,125.66
2024-09-08 05:00:00+00:00,90.1
2024-09-08 06:00:00+00:00,167.55
2024-09-08 07:00:00+00:00,293.62
2024-09-08 08:00:00+00:00,221.35
2024-09-08 09:00:00+00:00,102.45
2024-09-08 10:00:00+00:00,194.3
2024-09-08 11:00:00+00:00,93.24
2024-09-08 12:00:00+00:00,116.23
2024-09-08 13:00:00+00:00,229.22
2024-09-08 14:00:00+00:00,170.5
2024-09-08 15:00:00+00:00,179.25
2024-09-08 16:00:00+00:00,468.2
2024-09-08 17:00:00+00:00,821.85
2024-09-08 18:00:00+00:00,410.25
2024-09-08 19:00:00+00:00,924.48
2024-09-08 20:00:00+00:00,652.2
2024-09-08 21:00:00+00:00,105.28
2024-09-08 22:00:00+00:00,121.35
2024-09-08 23:00:00+00:00,86.67
2024-09-09 00:00:00+00:00,111.05
2024-09-09 01:00:00+00:00,115.37
2024-09-09 02:00:00+00:00,83.68
2024-09-09 03:00:00+00:00,121.1
2024-09-09 04:00:00+00:00,103.43
2024-09-09 05:00:00+00:00,236.53
2024-09-09 06:00:00+00:00,369.58
2024-09-09 07:00:00+00:00,247.58
2024-09-09 08:00:00+00:00,134.3
2024-09-09 09:00:00+00:00,157.49
2024-09-09 10:00:00+00:00,120.53
2024-09-09 11:00:00+00:00,108.65
2024-09-09 12:00:00+00:00,145.98
2024-09-09 13:00:00+00:00,102.73
2024-09-09 14:00:00+00:00,114.03
2024-09-09 15:00:00+00:00,217.77
2024-09-09 16:00:00+00:00,171.97
2024-09-09 17:00:00+00:00,240.3
2024-09-09 18:00:00+00:00,536.45
2024-09-09 19:00:00+00:00,301.85
2024-09-09 20:00:00+00:00,333.83
2024-09-09 21:00:00+00:00,233.83
2024-09-09 22:00:00+00:00,97.62
2024-09-09 23:00:00+00:00,123.97
2024-09-10 00:00:00+00:00,104.78
2024-09-10 01:00:00+00:00,96.17
2024-09-10 02:00:00+00:00,126.42
2024-09-10 03:00:00+00:00,106.3
2024-09-10 04:00:00+00:00,88.92
2024-09-10 05:00:00+00:00,204.47
2024-09-10 06:00:00+00:00,231.57
2024-09-10 07:00:00+00:00,201.78
2024-09-10 08:00:00+00:00,316.4
2024-09-10 09:00:00+00:00,132.52
2024-09-10 10:00:00+00:00,126.93
2024-09-10 11:00:00+00:00,535.38
2024-09-10 12:00:00+00:00,567.98
2024-09-10 13:00:00+00:00,639.0
2024-09-10 14:00:00+00:00,226.4
2024-09-10 15:00:00+00:00,111.23
2024-09-10 16:00:00+00:00,231.63
2024-09-10 17:00:00+00:00,373.42
2024-09-10 18:00:00+00:00,434.35
2024-09-10 19:00:00+00:00,288.72
2024-09-10 20:00:00+00:00,290.1
2024-09-10 21:00:00+00:00,156.64
2024-09-10 22:00:00+00:00,96.08
2024-09-10 23:00:00+00:00,100.32
2024-09-11 00:00:00+00:00,122.83
2024-09-11 01:00:00+00:00,86.48
2024-09-11 02:00:00+00:00,111.42
2024-09-11 03:00:00+00:00,114.53
2024-09-11 04:00:00+00:00,84.22
2024-09-11 05:00:00+00:00,191.83
2024-09-11 06:00:00+00:00,268.85
2024-09-11 07:00:00+00:00,162.15
2024-09-11 08:00:00+00:00,128.47
2024-09-11 09:00:00+00:00,158.9
2024-09-11 10:00:00+00:00,138.61
2024-09-11 11:00:00+00:00,226.54
2024-09-11 12:00:00+00:00,237.2
2024-09-11 13:00:00+00:00,98.22
2024-09-11 14:00:00+00:00,122.8
2024-09-11 15:00:00+00:00,115.62
2024-09-11 16:00:00+00:00,114.63
2024-09-11 17:00:00+00:00,346.1
2024-09-11 18:00:00+00:00,265.77
2024-09-11 19:00:00+00:00,292.1
2024-09-11 20:00:00+00:00,253.93
2024-09-11 21:00:00+00:00,100.53
2024-09-11 22:00:00+00:00,118.13
2024-09-11 23:00:00+00:00,105.52
2024-09-12 00:00:00+00:00,84.35
2024-09-12 01:00:00+00:00,119.12
2024-09-12 02:00:00+00:00,106.77
2024-09-12 03:00:00+00:00,87.95
2024-09-12 04:00:00+00:00,121.42
2024-09-12 05:00:00+00:00,194.13
2024-09-12 06:00:00+00:00,322.27
2024-09-12 07:00:00+00:00,270.02
2024-09-12 08:00:00+00:00,176.22
2024-09-12 09:00:00+00:00,113.68
2024-09-12 10:00:00+00:00,684.66
2024-09-12 11:00:00+00:00,282.46
2024-09-12 12:00:00+00:00,244.92
2024-09-12 13:00:00+00:00,255.12
2024-09-12 14:00:00+00:00,214.32
2024-09-12 15:00:00+00:00,309.48
2024-09-12 16:00:00+00:00,231.42
2024-09-12 17:00:00+00:00,84.02
2024-09-12 18:00:00+00:00,110.92
2024-09-12 19:00:00+00:00,218.95
2024-09-12 20:00:00+00:00,237.78
2024-09-12 21:00:00+00:00,186.4
2024-09-12 22:00:00+00:00,104.18
2024-09-12 23:00:00+00:00,80.9
2024-09-13 00:00:00+00:00,114.08
2024-09-13 01:00:00+00:00,103.62
2024-09-13 02:00:00+00:00,85.8
2024-09-13 03:00:00+00:00,115.37
2024-09-13 04:00:00+00:00,100.32
2024-09-13 05:00:00+00:00,238.8
2024-09-13 06:00:00+00:00,379.17
2024-09-13 07:00:00+00:00,253.32
2024-09-13 08:00:00+00:00,333.05
2024-09-13 09:00:00+00:00,328.48
2024-09-13 10:00:00+00:00,160.65
2024-09-13 11:00:00+00:00,114.8
2024-09-13 12:00:00+00:00,141.95
2024-09-13 13:00:00+00:00,106.23
2024-09-13 14:00:00+00:00,78.45
2024-09-13 15:00:00+00:00,170.53
2024-09-13 16:00:00+00:00,203.76
2024-09-13 17:00:00+00:00,161.25
2024-09-13 18:00:00+00:00,277.2
2024-09-13 19:00:00+00:00,332.58
2024-09-13 20:00:00+00:00,177.05
2024-09-13 21:00:00+00:00,112.53
2024-09-13 22:00:00+00:00,112.2
2024-09-13 23:00:00+00:00,80.88
2024-09-14 00:00:00+00:00,109.32
2024-09-14 01:00:00+00:00,125.07
2024-09-14 02:00:00+00:00,93.78
2024-09-14 03:00:00+00:00,112.17
2024-09-14 04:00:00+00:00,136.3
2024-09-14 05:00:00+00:00,226.17
2024-09-14 06:00:00+00:00,358.93
2024-09-14 07:00:00+00:00,291.57
2024-09-14 08:00:00+00:00,308.1
2024-09-14 09:00:00+00:00,209.4
2024-09-14 10:00:00+00:00,297.65
2024-09-14 11:00:00+00:00,200.52
2024-09-14 12:00:00+00:00,170.02
2024-09-14 13:00:00+00:00,204.75
2024-09-14 14:00:00+00:00,98.52
2024-09-14 15:00:00+00:00,112.27
2024-09-14 16:00:00+00:00,1360.38
2024-09-14 17:00:00+00:00,567.83
2024-09-14 18:00:00+00:00,302.82
2024-09-14 19:00:00+00:00,806.25
2024-09-14 20:00:00+00:00,606.77
2024-09-14 21:00:00+00:00,114.39
2024-09-14 22:00:00+00:00,119.78
2024-09-14 23:00:00+00:00,102.28
2024-09-15 00:00:00+00:00,108.17
2024-09-15 01:00:00+00:00,147.18
2024-09-15 02:00:00+00:00,117.45
2024-09-15 03:00:00+00:00,155.5
2024-09-15 04:00:00+00:00,155.43
2024-09-15 05:00:00+00:00,244.62
2024-09-15 06:00:00+00:00,826.43
2024-09-15 07:00:00+00:00,1297.52
2024-09-15 08:00:00+00:00,928.65
2024-09-15 09:00:00+00:00,957.25
2024-09-15 10:00:00+00:00,945.49
2024-09-15 11:00:00+00:00,819.02
2024-09-15 12:00:00+00:00,799.9
2024-09-15 13:00:00+00:00,804.25
2024-09-15 14:00:00+00:00,345.58
2024-09-15 15:00:00+00:00,204.86
2024-09-15 16:00:00+00:00,159.35
2024-09-15 17:00:00+00:00,767.6
2024-09-15 18:00:00+00:00,319.7
2024-09-15 19:00:00+00:00,368.23
2024-09-15 20:00:00+00:00,143.95
2024-09-15 21:00:00+00:00,152.37
2024-09-15 22:00:00+00:00,120.18
2024-09-15 23:00:00+00:00,187.42
2024-09-16 00:00:00+00:00,179.48
2024-09-16 01:00:00+00:00,163.52
2024-09-16 02:00:00+00:00,175.45
2024-09-16 03:00:00+00:00,225.38
2024-09-16 04:00:00+00:00,194.45
2024-09-16 05:00:00+00:00,443.0
2024-09-16 06:00:00+00:00,878.57
2024-09-16 07:00:00+00:00,697.07
2024-09-16 08:00:00+00:00,1079.62
2024-09-16 09:00:00+00:00,865.65
2024-09-16 10:00:00+00:00,960.7
2024-09-16 11:00:00+00:00,897.83
2024-09-16 12:00:00+00:00,402.45
2024-09-16 13:00:00+00:00,322.55
2024-09-16 14:00:00+00:00,233.38
2024-09-16 15:00:00+00:00,326.75
2024-09-16 16:00:00+00:00,528.13
2024-09-16 17:00:00+00:00,587.22
2024-09-16 18:00:00+00:00,1161.87
2024-09-16 19:00:00+00:00,747.12
2024-09-16 20:00:00+00:00,1080.48
2024-09-16 21:00:00+00:00,561.45
2024-09-16 22:00:00+00:00,122.75
2024-09-16 23:00:00+00:00,91.48
2024-09-17 00:00:00+00:00,163.9
2024-09-17 01:00:00+00:00,158.44
2024-09-17 02:00:00+00:00,243.83
2024-09-17 03:00:00+00:00,318.97
2024-09-17 04:00:00+00:00,582.32
2024-09-17 05:00:00+00:00,801.72
2024-09-17 06:00:00+00:00,1362.33
2024-09-17 07:00:00+00:00,1174.45
2024-09-17 08:00:00+00:00,1122.93
2024-09-17 09:00:00+00:00,916.02
2024-09-17 10:00:00+00:00,768.15
2024-09-17 11:00:00+00:00,817.33
2024-09-17 12:00:00+00:00,765.57
2024-09-17 13:00:00+00:00,780.25
2024-09-17 14:00:00+00:00,424.57
2024-09-17 15:00:00+00:00,244.13
2024-09-17 16:00:00+00:00,150.98
2024-09-17 17:00:00+00:00,323.65
2024-09-17 18:00:00+00:00,375.83
2024-09-17 19:00:00+00:00,342.08
2024-09-17 20:00:00+00:00,420.5
2024-09-17 21:00:00+00:00,182.15
2024-09-17 22:00:00+00:00,163.75
2024-09-17 23:00:00+00:00,211.3
2024-09-18 00:00:00+00:00,231.52
2024-09-18 01:00:00+00:00,197.58
2024-09-18 02:00:00+00:00,245.98
2024-09-18 03:00:00+00:00,202.3
2024-09-18 04:00:00+00:00,287.93
2024-09-18 05:00:00+00:00,635.67
2024-09-18 06:00:00+00:00,1088.67
2024-09-18 07:00:00+00:00,1076.53
2024-09-18 08:00:00+00:00,875.05
2024-09-18 09:00:00+00:00,905.35
2024-09-18 10:00:00+00:00,887.55
2024-09-18 11:00:00+00:00,897.42
2024-09-18 12:00:00+00:00,919.17
2024-09-18 13:00:00+00:00,813.53
2024-09-18 14:00:00+00:00,772.23
2024-09-18 15:00:00+00:00,814.43
2024-09-18 16:00:00+00:00,867.98
2024-09-18 17:00:00+00:00,847.03
2024-09-18 18:00:00+00:00,1081.65
2024-09-18 19:00:00+00:00,874.42
2024-09-18 20:00:00+00:00,455.82
2024-09-18 21:00:00+00:00,215.85
2024-09-18 22:00:00+00:00,125.8
2024-09-18 23:00:00+00:00,149.42
2024-09-19 00:00:00+00:00,120.25
2024-09-19 01:00:00+00:00,187.67
2024-09-19 02:00:00+00:00,189.9
2024-09-19 03:00:00+00:00,204.12
2024-09-19 04:00:00+00:00,216.83
2024-09-19 05:00:00+00:00,470.66
2024-09-19 06:00:00+00:00,509.42
2024-09-19 07:00:00+00:00,1000.34
2024-09-19 08:00:00+00:00,1164.34
2024-09-19 09:00:00+00:00,1355.7
2024-09-19 10:00:00+00:00,1467.72
2024-09-19 11:00:00+00:00,1200.27
2024-09-19 12:00:00+00:00,701.05
2024-09-19 13:00:00+00:00,352.6
2024-09-19 14:00:00+00:00,233.17
2024-09-19 15:00:00+00:00,269.57
2024-09-19 16:00:00+00:00,306.67
2024-09-19 17:00:00+00:00,125.52
2024-09-19 18:00:00+00:00,208.62
2024-09-19 19:00:00+00:00,240.92
2024-09-19 20:00:00+00:00,331.43
2024-09-19 21:00:00+00:00,281.6
2024-09-19 22:00:00+00:00,176.73
2024-09-19 23:00:00+00:00,172.0
2024-09-20 00:00:00+00:00,209.67
2024-09-20 01:00:00+00:00,198.7
2024-09-20 02:00:00+00:00,149.32
2024-09-20 03:00:00+00:00,165.28
2024-09-20 04:00:00+00:00,186.55
2024-09-20 05:00:00+00:00,281.12
2024-09-20 06:00:00+00:00,480.9
2024-09-20 07:00:00+00:00,361.87
2024-09-20 08:00:00+00:00,455.22
2024-09-20 09:00:00+00:00,908.83
2024-09-20 10:00:00+00:00,1018.05
2024-09-20 11:00:00+00:00,1011.02
2024-09-20 12:00:00+00:00,892.52
2024-09-20 13:00:00+00:00,633.03
2024-09-20 14:00:00+00:00,261.78
2024-09-20 15:00:00+00:00,153.72
2024-09-20 16:00:00+00:00,319.33
2024-09-20 17:00:00+00:00,188.65
2024-09-20 18:00:00+00:00,287.12
2024-09-20 19:00:00+00:00,331.75
2024-09-20 20:00:00+00:00,232.7
2024-09-20 21:00:00+00:00,92.52
2024-09-20 22:00:00+00:00,132.25
2024-09-20 23:00:00+00:00,138.42
2024-09-21 00:00:00+00:00,101.28
2024-09-21 01:00:00+00:00,167.43
2024-09-21 02:00:00+00:00,185.3
2024-09-21 03:00:00+00:00,203.07
2024-09-21 04:00:00+00:00,245.12
2024-09-21 05:00:00+00:00,260.82
2024-09-21 06:00:00+00:00,410.77
2024-09-21 07:00:00+00:00,355.73
2024-09-21 08:00:00+00:00,313.67
2024-09-21 09:00:00+00:00,610.02
2024-09-21 10:00:00+00:00,766.1
2024-09-21 11:00:00+00:00,253.18
2024-09-21 12:00:00+00:00,274.48
2024-09-21 13:00:00+00:00,230.5
2024-09-21 14:00:00+00:00,146.17
2024-09-21 15:00:00+00:00,192.65
2024-09-21 16:00:00+00:00,250.9
2024-09-21 17:00:00+00:00,408.78
2024-09-21 18:00:00+00:00,597.15
2024-09-21 19:00:00+00:00,716.52
2024-09-21 20:00:00+00:00,330.48
2024-09-21 21:00:00+00:00,196.48
2024-09-21 22:00:00+00:00,186.28
2024-09-21 23:00:00+00:00,197.8
2024-09-22 00:00:00+00:00,210.2
2024-09-22 01:00:00+00:00,191.25
2024-09-22 02:00:00+00:00,163.95
2024-09-22 03:00:00+00:00,244.57
2024-09-22 04:00:00+00:00,215.72
2024-09-22 05:00:00+00:00,229.47
2024-09-22 06:00:00+00:00,337.37
2024-09-22 07:00:00+00:00,261.53
2024-09-22 08:00:00+00:00,279.33
2024-09-22 09:00:00+00:00,226.82
2024-09-22 10:00:00+00:00,250.47
2024-09-22 11:00:00+00:00,106.02
2024-09-22 12:00:00+00:00,118.02
2024-09-22 13:00:00+00:00,145.83
2024-09-22 14:00:00+00:00,109.57
2024-09-22 15:00:00+00:00,122.41
2024-09-22 16:00:00+00:00,557.32
2024-09-22 17:00:00+00:00,358.88
2024-09-22 18:00:00+00:00,332.9
2024-09-22 19:00:00+00:00,308.38
2024-09-22 20:00:00+00:00,766.77
2024-09-22 21:00:00+00:00,494.83
2024-09-22 22:00:00+00:00,125.42
2024-09-22 23:00:00+00:00,90.18
2024-09-23 00:00:00+00:00,96.83
2024-09-23 01:00:00+00:00,119.19
2024-09-23 02:00:00+00:00,79.33
2024-09-23 03:00:00+00:00,108.62
2024-09-23 04:00:00+00:00,112.07
2024-09-23 05:00:00+00:00,115.43
2024-09-23 06:00:00+00:00,348.97
2024-09-23 07:00:00+00:00,267.97
2024-09-23 08:00:00+00:00,284.15
2024-09-23 09:00:00+00:00,268.9
2024-09-23 10:00:00+00:00,356.83
2024-09-23 11:00:00+00:00,235.72
2024-09-23 12:00:00+00:00,346.52
2024-09-23 13:00:00+00:00,236.61
2024-09-23 14:00:00+00:00,131.27
2024-09-23 15:00:00+00:00,141.6
2024-09-23 16:00:00+00:00,183.79
2024-09-23 17:00:00+00:00,176.71
2024-09-23 18:00:00+00:00,463.71
2024-09-23 19:00:00+00:00,505.4
2024-09-23 20:00:00+00:00,251.38
2024-09-23 21:00:00+00:00,274.3
2024-09-23 22:00:00+00:00,221.88
2024-09-23 23:00:00+00:00,319.25
2024-09-24 00:00:00+00:00,235.32
2024-09-24 01:00:00+00:00,224.33
2024-09-24 02:00:00+00:00,241.32
2024-09-24 03:00:00+00:00,240.75
2024-09-24 04:00:00+00:00,383.7
2024-09-24 05:00:00+00:00,586.92
2024-09-24 06:00:00+00:00,574.15
2024-09-24 07:00:00+00:00,581.03
2024-09-24 08:00:00+00:00,1184.97
2024-09-24 09:00:00+00:00,378.42
2024-09-24 10:00:00+00:00,287.2
2024-09-24 11:00:00+00:00,271.17
2024-09-24 12:00:00+00:00,264.53
2024-09-24 13:00:00+00:00,244.65
2024-09-24 14:00:00+00:00,179.38
2024-09-24 15:00:00+00:00,743.98
2024-09-24 16:00:00+00:00,219.4
2024-09-24 17:00:00+00:00,288.45
2024-09-24 18:00:00+00:00,366.55
2024-09-24 19:00:00+00:00,322.45
2024-09-24 20:00:00+00:00,402.05
2024-09-24 21:00:00+00:00,122.05
2024-09-24 22:00:00+00:00,147.87
2024-09-24 23:00:00+00:00,86.23
2024-09-25 00:00:00+00:00,130.8
2024-09-25 01:00:00+00:00,140.78
2024-09-25 02:00:00+00:00,138.66
2024-09-25 03:00:00+00:00,202.63
2024-09-25 04:00:00+00:00,194.35
2024-09-25 05:00:00+00:00,328.17
2024-09-25 06:00:00+00:00,553.63
2024-09-25 07:00:00+00:00,422.72
2024-09-25 08:00:00+00:00,765.58
2024-09-25 09:00:00+00:00,1237.37
2024-09-25 10:00:00+00:00,1856.82
2024-09-25 11:00:00+00:00,587.45
2024-09-25 12:00:00+00:00,273.92
2024-09-25 13:00:00+00:00,129.95
2024-09-25 14:00:00+00:00,88.53
2024-09-25 15:00:00+00:00,185.67
2024-09-25 16:00:00+00:00,193.92
2024-09-25 17:00:00+00:00,204.33
2024-09-25 18:00:00+00:00,354.37
2024-09-25 19:00:00+00:00,317.83
2024-09-25 20:00:00+00:00,338.1
2024-09-25 21:00:00+00:00,256.72
2024-09-25 22:00:00+00:00,211.25
2024-09-25 23:00:00+00:00,290.65
2024-09-26 00:00:00+00:00,275.43
2024-09-26 01:00:00+00:00,273.77
2024-09-26 02:00:00+00:00,263.42
2024-09-26 03:00:00+00:00,221.41
2024-09-26 04:00:00+00:00,238.36
2024-09-26 05:00:00+00:00,705.05
2024-09-26 06:00:00+00:00,951.15
2024-09-26 07:00:00+00:00,1182.93
2024-09-26 08:00:00+00:00,1168.95
2024-09-26 09:00:00+00:00,847.1
2024-09-26 10:00:00+00:00,1205.29
2024-09-26 11:00:00+00:00,2354.98
2024-09-26 12:00:00+00:00,1376.12
2024-09-26 13:00:00+00:00,912.75
2024-09-26 14:00:00+00:00,934.68
2024-09-26 15:00:00+00:00,807.27
2024-09-26 16:00:00+00:00,1086.27
2024-09-26 17:00:00+00:00,864.57
2024-09-26 18:00:00+00:00,806.82
2024-09-26 19:00:00+00:00,941.53
2024-09-26 20:00:00+00:00,1193.93
2024-09-26 21:00:00+00:00,990.78
2024-09-26 22:00:00+00:00,556.64
2024-09-26 23:00:00+00:00,140.32
2024-09-27 00:00:00+00:00,126.61
2024-09-27 01:00:00+00:00,168.61
2024-09-27 02:00:00+00:00,199.58
2024-09-27 03:00:00+00:00,226.25
2024-09-27 04:00:00+00:00,249.65
2024-09-27 05:00:00+00:00,310.92
2024-09-27 06:00:00+00:00,862.0
2024-09-27 07:00:00+00:00,1092.85
2024-09-27 08:00:00+00:00,1178.62
2024-09-27 09:00:00+00:00,1320.8
2024-09-27 10:00:00+00:00,1188.12
2024-09-27 11:00:00+00:00,942.95
2024-09-27 12:00:00+00:00,921.1
2024-09-27 13:00:00+00:00,767.2
2024-09-27 14:00:00+00:00,740.13
2024-09-27 15:00:00+00:00,1003.95
2024-09-27 16:00:00+00:00,732.3
2024-09-27 17:00:00+00:00,329.88
2024-09-27 18:00:00+00:00,327.28
2024-09-27 19:00:00+00:00,300.25
2024-09-27 20:00:00+00:00,245.12
2024-09-27 21:00:00+00:00,97.97
2024-09-27 22:00:00+00:00,95.71
2024-09-27 23:00:00+00:00,142.2
2024-09-28 00:00:00+00:00,103.57
2024-09-28 01:00:00+00:00,160.98
2024-09-28 02:00:00+00:00,221.15
2024-09-28 03:00:00+00:00,174.37
2024-09-28 04:00:00+00:00,201.7
2024-09-28 05:00:00+00:00,356.88
2024-09-28 06:00:00+00:00,1069.38
2024-09-28 07:00:00+00:00,1283.33
2024-09-28 08:00:00+00:00,858.24
2024-09-28 09:00:00+00:00,780.47
2024-09-28 10:00:00+00:00,961.62
2024-09-28 11:00:00+00:00,849.53
2024-09-28 12:00:00+00:00,548.52
2024-09-28 13:00:00+00:00,737.63
2024-09-28 14:00:00+00:00,638.39
2024-09-28 15:00:00+00:00,608.82
2024-09-28 16:00:00+00:00,831.51
2024-09-28 17:00:00+00:00,768.27
2024-09-28 18:00:00+00:00,713.12
2024-09-28 19:00:00+00:00,687.07
2024-09-28 20:00:00+00:00,697.32
2024-09-28 21:00:00+00:00,321.07
2024-09-28 22:00:00+00:00,214.9
2024-09-28 23:00:00+00:00,140.68
2024-09-29 00:00:00+00:00,151.97
2024-09-29 01:00:00+00:00,249.47
2024-09-29 02:00:00+00:00,227.15
2024-09-29 03:00:00+00:00,262.4
2024-09-29 04:00:00+00:00,383.2
2024-09-29 05:00:00+00:00,899.92
2024-09-29 06:00:00+00:00,1097.42
2024-09-29 07:00:00+00:00,1280.65
2024-09-29 08:00:00+00:00,911.25
2024-09-29 09:00:00+00:00,831.43
2024-09-29 10:00:00+00:00,372.73
2024-09-29 11:00:00+00:00,162.47
2024-09-29 12:00:00+00:00,111.72
2024-09-29 13:00:00+00:00,178.13
2024-09-29 14:00:00+00:00,916.55
2024-09-29 15:00:00+00:00,460.72
2024-09-29 16:00:00+00:00,1046.42
2024-09-29 17:00:00+00:00,1739.67
2024-09-29 18:00:00+00:00,930.83
2024-09-29 19:00:00+00:00,621.08
2024-09-29 20:00:00+00:00,452.7
2024-09-29 21:00:00+00:00,342.02
2024-09-29 22:00:00+00:00,139.22
2024-09-29 23:00:00+00:00,143.85
2024-09-30 00:00:00+00:00,166.22
2024-09-30 01:00:00+00:00,140.35
2024-09-30 02:00:00+00:00,272.48
2024-09-30 03:00:00+00:00,294.58
2024-09-30 04:00:00+00:00,246.5
2024-09-30 05:00:00+00:00,869.45
2024-09-30 06:00:00+00:00,1146.9
2024-09-30 07:00:00+00:00,1090.5
2024-09-30 08:00:00+00:00,984.21
2024-09-30 09:00:00+00:00,862.95
2024-09-30 10:00:00+00:00,809.07
2024-09-30 11:00:00+00:00,880.6
2024-09-30 12:00:00+00:00,924.6
2024-09-30 13:00:00+00:00,827.4
2024-09-30 14:00:00+00:00,858.98
2024-09-30 15:00:00+00:00,836.35
2024-09-30 16:00:00+00:00,907.8
2024-09-30 17:00:00+00:00,961.77
2024-09-30 18:00:00+00:00,1262.75
2024-09-30 19:00:00+00:00,930.82
2024-09-30 20:00:00+00:00,1214.95
